Medizinische Versorgung durch ÄrztInnen und Ärzte (Allgemeinmedizin, Fachmedizin und Zahnmedizin) sowie Apotheken (absolut und pro 1.000 EinwohnerInnen) seit 2002 - Bezirke Wien | Medical care by doctors (general practitioner, medical specialists and dentists) as well as pharmacies (absolute and per 1,000 inhabitants) since 2002 - districts of Vienna;;;;;;;;;;;;
NUTS;DISTRICT_CODE;SUB_DISTRICT_CODE;REF_YEAR;REF_DATE;ALL_VALUE;ZAH_VALUE;FAC_VALUE;APO_VALUE;ALL_DENSITY;ZAH_DENSITY;FAC_DENSITY;APO_DENSITY
AT13;90000;90000;2002;20021231;1.572;948;3.131;288;0,99;0,60;1,98;0,18
AT13;90100;90100;2002;20021231;65;82;245;21;3,69;4,66;13,92;1,19
AT13;90200;90200;2002;20021231;70;39;112;18;0,78;0,44;1,25;0,20
AT13;90300;90300;2002;20021231;79;46;164;16;0,96;0,56;1,99;0,19
AT13;90400;90400;2002;20021231;48;34;106;8;1,64;1,16;3,63;0,27
AT13;90500;90500;2002;20021231;51;26;55;9;1,02;0,52;1,10;0,18
AT13;90600;90600;2002;20021231;43;34;112;7;1,50;1,18;3,90;0,24
AT13;90700;90700;2002;20021231;55;35;98;9;1,90;1,21;3,38;0,31
AT13;90800;90800;2002;20021231;57;33;186;5;2,51;1,45;8,19;0,22
AT13;90900;90900;2002;20021231;68;75;327;13;1,78;1,96;8,56;0,34
AT13;91000;91000;2002;20021231;101;58;105;22;0,65;0,37;0,68;0,14
AT13;91100;91100;2002;20021231;51;24;52;11;0,64;0,30;0,65;0,14
AT13;91200;91200;2002;20021231;72;41;102;13;0,90;0,51;1,28;0,16
AT13;91300;91300;2002;20021231;83;30;194;6;1,64;0,59;3,84;0,12
AT13;91400;91400;2002;20021231;75;41;123;13;0,94;0,51;1,54;0,16
AT13;91500;91500;2002;20021231;54;32;83;12;0,80;0,47;1,22;0,18
AT13;91600;91600;2002;20021231;81;46;94;15;0,91;0,52;1,06;0,17
AT13;91700;91700;2002;20021231;42;29;95;7;0,86;0,59;1,93;0,14
AT13;91800;91800;2002;20021231;79;38;202;12;1,73;0,83;4,41;0,26
AT13;91900;91900;2002;20021231;100;46;300;11;1,52;0,70;4,56;0,17
AT13;92000;92000;2002;20021231;52;29;58;11;0,67;0,37;0,75;0,14
AT13;92100;92100;2002;20021231;90;49;104;19;0,69;0,37;0,80;0,15
AT13;92200;92200;2002;20021231;79;50;122;17;0,57;0,36;0,88;0,12
AT13;92300;92300;2002;20021231;77;31;92;13;0,89;0,36;1,07;0,15
AT13;90000;90000;2003;20031231;1.621;953;3.239;294;1,01;0,60;2,02;0,18
AT13;90100;90100;2003;20031231;72;83;254;21;4,13;4,76;14,56;1,20
AT13;90200;90200;2003;20031231;74;39;120;18;0,82;0,43;1,33;0,20
AT13;90300;90300;2003;20031231;83;49;172;16;1,01;0,59;2,09;0,19
AT13;90400;90400;2003;20031231;50;35;115;8;1,70;1,19;3,92;0,27
AT13;90500;90500;2003;20031231;48;27;52;9;0,95;0,53;1,03;0,18
AT13;90600;90600;2003;20031231;49;34;121;7;1,70;1,18;4,20;0,24
AT13;90700;90700;2003;20031231;56;34;101;9;1,93;1,17;3,48;0,31
AT13;90800;90800;2003;20031231;55;32;199;5;2,36;1,37;8,55;0,21
AT13;90900;90900;2003;20031231;76;72;334;13;1,97;1,87;8,67;0,34
AT13;91000;91000;2003;20031231;101;58;103;23;0,64;0,37;0,65;0,15
AT13;91100;91100;2003;20031231;48;24;51;11;0,59;0,30;0,63;0,14
AT13;91200;91200;2003;20031231;73;42;104;14;0,90;0,52;1,28;0,17
AT13;91300;91300;2003;20031231;89;30;201;6;1,75;0,59;3,95;0,12
AT13;91400;91400;2003;20031231;74;40;127;13;0,92;0,50;1,58;0,16
AT13;91500;91500;2003;20031231;53;29;85;12;0,78;0,42;1,25;0,18
AT13;91600;91600;2003;20031231;81;45;96;15;0,91;0,50;1,07;0,17
AT13;91700;91700;2003;20031231;44;29;98;8;0,88;0,58;1,97;0,16
AT13;91800;91800;2003;20031231;81;42;206;12;1,76;0,91;4,47;0,26
AT13;91900;91900;2003;20031231;109;46;316;11;1,65;0,69;4,77;0,17
AT13;92000;92000;2003;20031231;52;33;59;11;0,66;0,42;0,75;0,14
AT13;92100;92100;2003;20031231;91;49;107;21;0,68;0,37;0,81;0,16
AT13;92200;92200;2003;20031231;82;51;123;17;0,58;0,36;0,87;0,12
AT13;92300;92300;2003;20031231;80;30;95;14;0,92;0,35;1,09;0,16
AT13;90000;90000;2004;20041231;1.691;963;3.302;295;1,04;0,59;2,04;0,18
AT13;90100;90100;2004;20041231;82;83;260;21;4,74;4,80;15,04;1,21
AT13;90200;90200;2004;20041231;78;38;121;18;0,86;0,42;1,33;0,20
AT13;90300;90300;2004;20041231;87;48;172;16;1,04;0,58;2,06;0,19
AT13;90400;90400;2004;20041231;49;38;108;8;1,66;1,29;3,67;0,27
AT13;90500;90500;2004;20041231;51;27;55;9;0,99;0,53;1,07;0,18
AT13;90600;90600;2004;20041231;47;31;115;7;1,62;1,07;3,98;0,24
AT13;90700;90700;2004;20041231;57;35;102;9;1,97;1,21;3,52;0,31
AT13;90800;90800;2004;20041231;62;33;207;5;2,65;1,41;8,84;0,21
AT13;90900;90900;2004;20041231;82;76;348;13;2,09;1,94;8,88;0,33
AT13;91000;91000;2004;20041231;103;60;104;23;0,64;0,37;0,65;0,14
AT13;91100;91100;2004;20041231;55;24;53;11;0,67;0,29;0,65;0,13
AT13;91200;91200;2004;20041231;74;42;106;14;0,90;0,51;1,28;0,17
AT13;91300;91300;2004;20041231;92;29;195;6;1,80;0,57;3,81;0,12
AT13;91400;91400;2004;20041231;78;40;134;13;0,96;0,49;1,65;0,16
AT13;91500;91500;2004;20041231;59;29;85;12;0,86;0,42;1,23;0,17
AT13;91600;91600;2004;20041231;77;47;93;15;0,85;0,52;1,02;0,17
AT13;91700;91700;2004;20041231;47;30;102;8;0,92;0,59;2,01;0,16
AT13;91800;91800;2004;20041231;86;42;222;12;1,85;0,90;4,77;0,26
AT13;91900;91900;2004;20041231;107;47;329;11;1,61;0,71;4,94;0,17
AT13;92000;92000;2004;20041231;55;33;57;11;0,69;0,41;0,71;0,14
AT13;92100;92100;2004;20041231;92;49;111;21;0,68;0,36;0,83;0,16
AT13;92200;92200;2004;20041231;88;50;122;17;0,61;0,35;0,85;0,12
AT13;92300;92300;2004;20041231;83;32;101;15;0,95;0,37;1,16;0,17
AT13;90000;90000;2005;20051231;1.732;964;3.358;296;1,06;0,59;2,05;0,18
AT13;90100;90100;2005;20051231;92;86;265;21;5,33;4,98;15,36;1,22
AT13;90200;90200;2005;20051231;83;39;129;18;0,91;0,43;1,41;0,20
AT13;90300;90300;2005;20051231;87;50;174;16;1,04;0,60;2,07;0,19
AT13;90400;90400;2005;20051231;53;37;107;8;1,78;1,24;3,59;0,27
AT13;90500;90500;2005;20051231;47;27;61;9;0,90;0,52;1,17;0,17
AT13;90600;90600;2005;20051231;52;30;121;7;1,78;1,03;4,14;0,24
AT13;90700;90700;2005;20051231;65;34;98;9;2,19;1,15;3,31;0,30
AT13;90800;90800;2005;20051231;63;33;211;5;2,68;1,40;8,98;0,21
AT13;90900;90900;2005;20051231;81;72;352;13;2,06;1,83;8,95;0,33
AT13;91000;91000;2005;20051231;106;60;103;23;0,64;0,36;0,62;0,14
AT13;91100;91100;2005;20051231;53;26;53;11;0,64;0,31;0,64;0,13
AT13;91200;91200;2005;20051231;72;43;100;14;0,86;0,51;1,19;0,17
AT13;91300;91300;2005;20051231;94;31;201;6;1,83;0,60;3,92;0,12
AT13;91400;91400;2005;20051231;77;40;138;13;0,94;0,49;1,68;0,16
AT13;91500;91500;2005;20051231;61;30;92;12;0,87;0,43;1,31;0,17
AT13;91600;91600;2005;20051231;81;46;104;15;0,87;0,49;1,12;0,16
AT13;91700;91700;2005;20051231;50;32;98;8;0,96;0,62;1,89;0,15
AT13;91800;91800;2005;20051231;83;42;212;12;1,77;0,89;4,51;0,26
AT13;91900;91900;2005;20051231;111;46;346;11;1,65;0,69;5,16;0,16
AT13;92000;92000;2005;20051231;56;30;57;11;0,69;0,37;0,70;0,14
AT13;92100;92100;2005;20051231;94;48;114;22;0,69;0,35;0,84;0,16
AT13;92200;92200;2005;20051231;87;51;121;17;0,60;0,35;0,83;0,12
AT13;92300;92300;2005;20051231;84;31;101;15;0,95;0,35;1,14;0,17
AT13;90000;90000;2006;20061231;1.436;986;3.063;297;0,87;0,60;1,85;0,18
AT13;90100;90100;2006;20061231;60;85;245;21;3,48;4,93;14,21;1,22
AT13;90200;90200;2006;20061231;78;39;111;18;0,84;0,42;1,19;0,19
AT13;90300;90300;2006;20061231;72;52;169;16;0,86;0,62;2,01;0,19
AT13;90400;90400;2006;20061231;40;37;97;8;1,33;1,23;3,22;0,27
AT13;90500;90500;2006;20061231;38;29;60;9;0,73;0,55;1,15;0,17
AT13;90600;90600;2006;20061231;38;29;111;7;1,29;0,99;3,77;0,24
AT13;90700;90700;2006;20061231;53;34;87;9;1,77;1,14;2,91;0,30
AT13;90800;90800;2006;20061231;46;37;182;5;1,95;1,56;7,70;0,21
AT13;90900;90900;2006;20061231;55;78;327;13;1,40;1,99;8,35;0,33
AT13;91000;91000;2006;20061231;102;62;98;23;0,61;0,37;0,58;0,14
AT13;91100;91100;2006;20061231;44;27;52;11;0,53;0,33;0,63;0,13
AT13;91200;91200;2006;20061231;65;43;98;15;0,77;0,51;1,16;0,18
AT13;91300;91300;2006;20061231;74;35;171;6;1,44;0,68;3,33;0,12
AT13;91400;91400;2006;20061231;65;40;128;13;0,78;0,48;1,54;0,16
AT13;91500;91500;2006;20061231;54;29;85;12;0,77;0,41;1,21;0,17
AT13;91600;91600;2006;20061231;73;45;95;15;0,78;0,48;1,01;0,16
AT13;91700;91700;2006;20061231;43;32;92;8;0,82;0,61;1,75;0,15
AT13;91800;91800;2006;20061231;62;44;184;12;1,31;0,93;3,90;0,25
AT13;91900;91900;2006;20061231;81;47;299;11;1,20;0,70;4,42;0,16
AT13;92000;92000;2006;20061231;51;30;56;11;0,63;0,37;0,69;0,14
AT13;92100;92100;2006;20061231;82;46;108;22;0,60;0,34;0,79;0,16
AT13;92200;92200;2006;20061231;80;55;117;17;0,54;0,37;0,79;0,11
AT13;92300;92300;2006;20061231;80;31;91;15;0,89;0,35;1,01;0,17
AT13;90000;90000;2007;20071231;1.424;927;3.108;299;0,86;0,56;1,87;0,18
AT13;90100;90100;2007;20071231;59;75;265;21;3,47;4,41;15,58;1,23
AT13;90200;90200;2007;20071231;76;38;109;18;0,81;0,41;1,17;0,19
AT13;90300;90300;2007;20071231;73;49;167;16;0,88;0,59;2,00;0,19
AT13;90400;90400;2007;20071231;39;34;98;8;1,29;1,13;3,25;0,27
AT13;90500;90500;2007;20071231;37;28;60;9;0,71;0,54;1,15;0,17
AT13;90600;90600;2007;20071231;39;27;110;7;1,32;0,92;3,74;0,24
AT13;90700;90700;2007;20071231;55;27;86;9;1,84;0,90;2,88;0,30
AT13;90800;90800;2007;20071231;45;34;182;5;1,91;1,44;7,72;0,21
AT13;90900;90900;2007;20071231;53;66;327;13;1,35;1,68;8,33;0,33
AT13;91000;91000;2007;20071231;104;62;104;23;0,61;0,36;0,61;0,13
AT13;91100;91100;2007;20071231;44;26;53;11;0,52;0,31;0,63;0,13
AT13;91200;91200;2007;20071231;65;42;93;15;0,76;0,49;1,09;0,18
AT13;91300;91300;2007;20071231;71;34;163;6;1,39;0,66;3,18;0,12
AT13;91400;91400;2007;20071231;62;40;129;13;0,74;0,48;1,54;0,16
AT13;91500;91500;2007;20071231;50;28;88;12;0,71;0,40;1,25;0,17
AT13;91600;91600;2007;20071231;71;41;99;15;0,75;0,44;1,05;0,16
AT13;91700;91700;2007;20071231;43;28;97;8;0,82;0,53;1,85;0,15
AT13;91800;91800;2007;20071231;63;41;189;12;1,33;0,87;3,99;0,25
AT13;91900;91900;2007;20071231;83;45;309;11;1,22;0,66;4,55;0,16
AT13;92000;92000;2007;20071231;49;28;58;12;0,60;0,34;0,71;0,15
AT13;92100;92100;2007;20071231;83;47;109;22;0,60;0,34;0,79;0,16
AT13;92200;92200;2007;20071231;80;56;116;17;0,53;0,37;0,77;0,11
AT13;92300;92300;2007;20071231;80;31;97;16;0,88;0,34;1,07;0,18
AT13;90000;90000;2008;20081231;1.419;928;3.144;307;0,85;0,55;1,88;0,18
AT13;90100;90100;2008;20081231;56;76;249;21;3,33;4,52;14,82;1,25
AT13;90200;90200;2008;20081231;75;39;109;18;0,80;0,42;1,17;0,19
AT13;90300;90300;2008;20081231;66;48;177;16;0,80;0,58;2,13;0,19
AT13;90400;90400;2008;20081231;37;32;98;8;1,22;1,06;3,23;0,26
AT13;90500;90500;2008;20081231;36;28;65;9;0,69;0,54;1,24;0,17
AT13;90600;90600;2008;20081231;39;26;113;7;1,33;0,89;3,86;0,24
AT13;90700;90700;2008;20081231;55;27;88;9;1,84;0,90;2,94;0,30
AT13;90800;90800;2008;20081231;45;34;188;5;1,91;1,44;7,96;0,21
AT13;90900;90900;2008;20081231;58;65;344;13;1,48;1,66;8,76;0,33
AT13;91000;91000;2008;20081231;104;61;104;25;0,60;0,35;0,60;0,15
AT13;91100;91100;2008;20081231;43;26;54;11;0,49;0,30;0,62;0,13
AT13;91200;91200;2008;20081231;63;43;89;16;0,73;0,50;1,03;0,18
AT13;91300;91300;2008;20081231;74;36;172;6;1,45;0,71;3,37;0,12
AT13;91400;91400;2008;20081231;60;40;119;15;0,72;0,48;1,42;0,18
AT13;91500;91500;2008;20081231;51;28;83;12;0,72;0,40;1,18;0,17
AT13;91600;91600;2008;20081231;69;41;104;14;0,73;0,44;1,10;0,15
AT13;91700;91700;2008;20081231;45;28;100;9;0,86;0,54;1,91;0,17
AT13;91800;91800;2008;20081231;71;41;190;12;1,50;0,86;4,00;0,25
AT13;91900;91900;2008;20081231;84;45;319;11;1,24;0,66;4,70;0,16
AT13;92000;92000;2008;20081231;51;28;59;12;0,62;0,34;0,72;0,15
AT13;92100;92100;2008;20081231;82;47;109;24;0,59;0,34;0,78;0,17
AT13;92200;92200;2008;20081231;79;58;118;18;0,52;0,38;0,78;0,12
AT13;92300;92300;2008;20081231;76;31;93;16;0,83;0,34;1,02;0,17
AT13;90000;90000;2009;20091231;1.434;925;3.190;311;0,85;0,55;1,89;0,18
AT13;90100;90100;2009;20091231;62;75;264;21;3,74;4,53;15,94;1,27
AT13;90200;90200;2009;20091231;75;39;116;18;0,80;0,41;1,23;0,19
AT13;90300;90300;2009;20091231;62;50;181;16;0,75;0,60;2,18;0,19
AT13;90400;90400;2009;20091231;36;29;102;8;1,19;0,96;3,36;0,26
AT13;90500;90500;2009;20091231;38;29;65;9;0,73;0,55;1,24;0,17
AT13;90600;90600;2009;20091231;42;26;111;7;1,44;0,89;3,80;0,24
AT13;90700;90700;2009;20091231;54;31;90;9;1,80;1,04;3,01;0,30
AT13;90800;90800;2009;20091231;44;30;191;5;1,86;1,27;8,09;0,21
AT13;90900;90900;2009;20091231;61;66;344;13;1,55;1,68;8,77;0,33
AT13;91000;91000;2009;20091231;103;59;101;26;0,59;0,34;0,58;0,15
AT13;91100;91100;2009;20091231;41;26;53;11;0,46;0,29;0,60;0,12
AT13;91200;91200;2009;20091231;64;44;90;16;0,73;0,50;1,03;0,18
AT13;91300;91300;2009;20091231;79;36;172;6;1,55;0,71;3,37;0,12
AT13;91400;91400;2009;20091231;59;39;122;15;0,70;0,46;1,45;0,18
AT13;91500;91500;2009;20091231;53;30;79;13;0,75;0,42;1,12;0,18
AT13;91600;91600;2009;20091231;72;41;109;15;0,76;0,43;1,15;0,16
AT13;91700;91700;2009;20091231;45;28;98;8;0,86;0,53;1,87;0,15
AT13;91800;91800;2009;20091231;70;39;197;12;1,47;0,82;4,14;0,25
AT13;91900;91900;2009;20091231;83;46;323;11;1,23;0,68;4,77;0,16
AT13;92000;92000;2009;20091231;51;28;59;12;0,62;0,34;0,72;0,15
AT13;92100;92100;2009;20091231;80;45;104;24;0,57;0,32;0,74;0,17
AT13;92200;92200;2009;20091231;83;57;122;19;0,54;0,37;0,79;0,12
AT13;92300;92300;2009;20091231;77;32;97;17;0,84;0,35;1,06;0,19
AT13;90000;90000;2010;20101231;1.452;937;3.301;312;0,86;0,55;1,95;0,18
AT13;90100;90100;2010;20101231;64;76;283;21;3,90;4,63;17,23;1,28
AT13;90200;90200;2010;20101231;74;39;120;18;0,78;0,41;1,26;0,19
AT13;90300;90300;2010;20101231;64;51;179;16;0,77;0,61;2,14;0,19
AT13;90400;90400;2010;20101231;37;28;105;8;1,22;0,92;3,45;0,26
AT13;90500;90500;2010;20101231;41;29;67;9;0,78;0,55;1,28;0,17
AT13;90600;90600;2010;20101231;47;26;114;7;1,60;0,89;3,89;0,24
AT13;90700;90700;2010;20101231;55;30;96;9;1,83;1,00;3,20;0,30
AT13;90800;90800;2010;20101231;47;32;196;5;2,02;1,37;8,42;0,21
AT13;90900;90900;2010;20101231;60;68;363;13;1,53;1,73;9,23;0,33
AT13;91000;91000;2010;20101231;105;60;110;26;0,60;0,34;0,63;0,15
AT13;91100;91100;2010;20101231;44;27;56;11;0,49;0,30;0,62;0,12
AT13;91200;91200;2010;20101231;65;43;84;16;0,74;0,49;0,96;0,18
AT13;91300;91300;2010;20101231;79;35;182;7;1,55;0,69;3,57;0,14
AT13;91400;91400;2010;20101231;58;39;125;15;0,69;0,46;1,48;0,18
AT13;91500;91500;2010;20101231;46;30;78;13;0,65;0,42;1,10;0,18
AT13;91600;91600;2010;20101231;73;42;109;15;0,77;0,44;1,15;0,16
AT13;91700;91700;2010;20101231;43;28;99;8;0,82;0,54;1,89;0,15
AT13;91800;91800;2010;20101231;71;40;217;12;1,49;0,84;4,56;0,25
AT13;91900;91900;2010;20101231;86;46;325;11;1,27;0,68;4,79;0,16
AT13;92000;92000;2010;20101231;51;29;57;12;0,62;0,35;0,69;0,15
AT13;92100;92100;2010;20101231;80;46;107;24;0,57;0,33;0,76;0,17
AT13;92200;92200;2010;20101231;83;61;130;19;0,53;0,39;0,83;0,12
AT13;92300;92300;2010;20101231;79;32;99;17;0,85;0,34;1,07;0,18
AT13;90000;90000;2011;20111231;1.468;921;3.331;314;0,86;0,54;1,95;0,18
AT13;90100;90100;2011;20111231;65;83;293;21;3,96;5,06;17,87;1,28
AT13;90200;90200;2011;20111231;77;37;134;18;0,80;0,39;1,40;0,19
AT13;90300;90300;2011;20111231;65;50;177;16;0,77;0,59;2,10;0,19
AT13;90400;90400;2011;20111231;39;27;108;8;1,28;0,88;3,53;0,26
AT13;90500;90500;2011;20111231;44;26;68;9;0,84;0,49;1,29;0,17
AT13;90600;90600;2011;20111231;48;26;107;7;1,64;0,89;3,65;0,24
AT13;90700;90700;2011;20111231;54;30;112;9;1,80;1,00;3,73;0,30
AT13;90800;90800;2011;20111231;48;29;193;5;2,05;1,24;8,23;0,21
AT13;90900;90900;2011;20111231;61;71;368;13;1,55;1,81;9,38;0,33
AT13;91000;91000;2011;20111231;102;57;102;26;0,57;0,32;0,57;0,15
AT13;91100;91100;2011;20111231;43;28;48;11;0,47;0,31;0,53;0,12
AT13;91200;91200;2011;20111231;66;43;82;16;0,75;0,49;0,93;0,18
AT13;91300;91300;2011;20111231;81;34;193;8;1,60;0,67;3,80;0,16
AT13;91400;91400;2011;20111231;61;37;125;15;0,72;0,44;1,47;0,18
AT13;91500;91500;2011;20111231;48;30;71;13;0,67;0,42;0,99;0,18
AT13;91600;91600;2011;20111231;74;40;99;16;0,78;0,42;1,04;0,17
AT13;91700;91700;2011;20111231;43;25;93;8;0,82;0,48;1,77;0,15
AT13;91800;91800;2011;20111231;69;37;211;12;1,45;0,78;4,44;0,25
AT13;91900;91900;2011;20111231;88;46;353;11;1,29;0,68;5,18;0,16
AT13;92000;92000;2011;20111231;50;30;55;12;0,60;0,36;0,66;0,14
AT13;92100;92100;2011;20111231;80;45;106;24;0,56;0,31;0,74;0,17
AT13;92200;92200;2011;20111231;86;56;134;19;0,54;0,35;0,84;0,12
AT13;92300;92300;2011;20111231;76;34;99;17;0,81;0,36;1,05;0,18
AT13;90000;90000;2012;20121231;1.485;941;3.419;315;0,86;0,54;1,98;0,18
AT13;90100;90100;2012;20121231;65;85;293;21;4,00;5,22;18,01;1,29
AT13;90200;90200;2012;20121231;76;37;143;18;0,79;0,38;1,48;0,19
AT13;90300;90300;2012;20121231;66;51;179;16;0,78;0,60;2,10;0,19
AT13;90400;90400;2012;20121231;42;27;104;8;1,36;0,88;3,37;0,26
AT13;90500;90500;2012;20121231;45;26;71;9;0,85;0,49;1,35;0,17
AT13;90600;90600;2012;20121231;49;26;114;7;1,65;0,88;3,85;0,24
AT13;90700;90700;2012;20121231;58;30;109;9;1,92;0,99;3,61;0,30
AT13;90800;90800;2012;20121231;47;32;199;5;1,99;1,36;8,43;0,21
AT13;90900;90900;2012;20121231;58;72;374;13;1,47;1,82;9,45;0,33
AT13;91000;91000;2012;20121231;101;57;104;26;0,56;0,32;0,58;0,14
AT13;91100;91100;2012;20121231;47;28;51;11;0,51;0,30;0,56;0,12
AT13;91200;91200;2012;20121231;66;43;84;16;0,74;0,48;0,94;0,18
AT13;91300;91300;2012;20121231;81;36;198;8;1,60;0,71;3,90;0,16
AT13;91400;91400;2012;20121231;66;39;127;15;0,77;0,46;1,49;0,18
AT13;91500;91500;2012;20121231;50;29;67;13;0,69;0,40;0,92;0,18
AT13;91600;91600;2012;20121231;79;40;103;16;0,82;0,41;1,07;0,17
AT13;91700;91700;2012;20121231;42;26;92;8;0,79;0,49;1,74;0,15
AT13;91800;91800;2012;20121231;69;37;222;12;1,44;0,77;4,64;0,25
AT13;91900;91900;2012;20121231;88;52;370;12;1,28;0,76;5,40;0,18
AT13;92000;92000;2012;20121231;49;30;59;12;0,59;0,36;0,71;0,14
AT13;92100;92100;2012;20121231;79;46;104;24;0,54;0,32;0,72;0,17
AT13;92200;92200;2012;20121231;85;56;147;19;0,52;0,34;0,90;0,12
AT13;92300;92300;2012;20121231;77;36;105;17;0,81;0,38;1,11;0,18
AT13;90000;90000;2013;20131231;1.470;942;3.481;316;0,84;0,54;1,99;0,18
AT13;90100;90100;2013;20131231;64;87;297;21;3,96;5,38;18,36;1,30
AT13;90200;90200;2013;20131231;79;36;143;18;0,81;0,37;1,46;0,18
AT13;90300;90300;2013;20131231;68;50;190;16;0,79;0,58;2,21;0,19
AT13;90400;90400;2013;20131231;40;30;105;8;1,28;0,96;3,37;0,26
AT13;90500;90500;2013;20131231;43;27;73;9;0,81;0,51;1,37;0,17
AT13;90600;90600;2013;20131231;51;27;112;7;1,68;0,89;3,68;0,23
AT13;90700;90700;2013;20131231;55;29;109;9;1,80;0,95;3,56;0,29
AT13;90800;90800;2013;20131231;47;28;194;5;1,95;1,16;8,06;0,21
AT13;90900;90900;2013;20131231;59;73;376;13;1,47;1,82;9,35;0,32
AT13;91000;91000;2013;20131231;99;57;100;26;0,54;0,31;0,54;0,14
AT13;91100;91100;2013;20131231;46;26;53;11;0,50;0,28;0,57;0,12
AT13;91200;91200;2013;20131231;64;44;87;16;0,71;0,49;0,96;0,18
AT13;91300;91300;2013;20131231;80;35;205;8;1,57;0,69;4,02;0,16
AT13;91400;91400;2013;20131231;63;40;125;15;0,73;0,46;1,44;0,17
AT13;91500;91500;2013;20131231;49;28;66;13;0,66;0,38;0,89;0,18
AT13;91600;91600;2013;20131231;73;40;99;16;0,74;0,41;1,01;0,16
AT13;91700;91700;2013;20131231;44;28;104;8;0,82;0,52;1,93;0,15
AT13;91800;91800;2013;20131231;66;38;230;12;1,37;0,79;4,77;0,25
AT13;91900;91900;2013;20131231;86;53;381;12;1,24;0,77;5,51;0,17
AT13;92000;92000;2013;20131231;49;30;60;12;0,58;0,36;0,71;0,14
AT13;92100;92100;2013;20131231;79;47;103;25;0,53;0,32;0,70;0,17
AT13;92200;92200;2013;20131231;86;56;160;19;0,52;0,34;0,96;0,11
AT13;92300;92300;2013;20131231;80;33;109;17;0,84;0,35;1,14;0,18
AT13;90000;90000;2014;20141231;1.474;939;3.597;318;0,83;0,53;2,02;0,18
AT13;90100;90100;2014;20141231;69;80;312;21;4,26;4,94;19,25;1,30
AT13;90200;90200;2014;20141231;76;35;153;18;0,75;0,35;1,52;0,18
AT13;90300;90300;2014;20141231;73;50;199;16;0,84;0,57;2,28;0,18
AT13;90400;90400;2014;20141231;39;30;97;8;1,24;0,95;3,07;0,25
AT13;90500;90500;2014;20141231;41;26;72;9;0,76;0,48;1,34;0,17
AT13;90600;90600;2014;20141231;48;32;118;7;1,56;1,04;3,83;0,23
AT13;90700;90700;2014;20141231;49;30;113;9;1,58;0,97;3,64;0,29
AT13;90800;90800;2014;20141231;47;27;189;5;1,93;1,11;7,74;0,20
AT13;90900;90900;2014;20141231;59;74;391;13;1,45;1,82;9,62;0,32
AT13;91000;91000;2014;20141231;94;58;105;26;0,50;0,31;0,56;0,14
AT13;91100;91100;2014;20141231;48;26;52;11;0,51;0,28;0,55;0,12
AT13;91200;91200;2014;20141231;67;45;91;16;0,73;0,49;0,99;0,17
AT13;91300;91300;2014;20141231;81;34;220;8;1,57;0,66;4,25;0,15
AT13;91400;91400;2014;20141231;64;41;130;15;0,72;0,46;1,47;0,17
AT13;91500;91500;2014;20141231;52;28;71;13;0,69;0,37;0,94;0,17
AT13;91600;91600;2014;20141231;67;37;98;16;0,67;0,37;0,98;0,16
AT13;91700;91700;2014;20141231;44;29;106;8;0,80;0,53;1,93;0,15
AT13;91800;91800;2014;20141231;71;36;232;12;1,46;0,74;4,76;0,25
AT13;91900;91900;2014;20141231;88;53;398;12;1,26;0,76;5,72;0,17
AT13;92000;92000;2014;20141231;48;29;62;12;0,57;0,34;0,73;0,14
AT13;92100;92100;2014;20141231;83;48;107;26;0,55;0,32;0,71;0,17
AT13;92200;92200;2014;20141231;88;58;169;20;0,52;0,34;0,99;0,12
AT13;92300;92300;2014;20141231;78;33;112;17;0,81;0,34;1,16;0,18
AT13;90000;90000;2015;20151231;1.458;948;3.631;322;0,80;0,52;2,00;0,18
AT13;90100;90100;2015;20151231;66;79;313;21;4,04;4,84;19,17;1,29
AT13;90200;90200;2015;20151231;78;35;152;19;0,76;0,34;1,49;0,19
AT13;90300;90300;2015;20151231;69;54;203;16;0,78;0,61;2,29;0,18
AT13;90400;90400;2015;20151231;40;33;102;8;1,24;1,02;3,17;0,25
AT13;90500;90500;2015;20151231;41;27;72;9;0,75;0,50;1,32;0,17
AT13;90600;90600;2015;20151231;43;33;128;7;1,38;1,06;4,10;0,22
AT13;90700;90700;2015;20151231;43;28;97;9;1,36;0,89;3,07;0,29
AT13;90800;90800;2015;20151231;49;31;206;5;1,99;1,26;8,35;0,20
AT13;90900;90900;2015;20151231;60;74;405;13;1,46;1,80;9,83;0,32
AT13;91000;91000;2015;20151231;92;60;103;27;0,48;0,31;0,54;0,14
AT13;91100;91100;2015;20151231;46;26;53;11;0,48;0,27;0,55;0,11
AT13;91200;91200;2015;20151231;70;46;100;16;0,75;0,49;1,07;0,17
AT13;91300;91300;2015;20151231;88;33;222;8;1,68;0,63;4,23;0,15
AT13;91400;91400;2015;20151231;62;43;124;15;0,69;0,48;1,38;0,17
AT13;91500;91500;2015;20151231;54;29;76;13;0,70;0,38;0,99;0,17
AT13;91600;91600;2015;20151231;66;39;93;16;0,65;0,38;0,92;0,16
AT13;91700;91700;2015;20151231;40;27;111;8;0,71;0,48;1,98;0,14
AT13;91800;91800;2015;20151231;68;33;222;12;1,37;0,67;4,48;0,24
AT13;91900;91900;2015;20151231;90;53;392;12;1,28;0,75;5,56;0,17
AT13;92000;92000;2015;20151231;49;28;63;12;0,57;0,33;0,74;0,14
AT13;92100;92100;2015;20151231;84;47;112;27;0,55;0,31;0,73;0,18
AT13;92200;92200;2015;20151231;86;58;168;21;0,49;0,33;0,95;0,12
AT13;92300;92300;2015;20151231;74;32;114;17;0,76;0,33;1,17;0,17
AT13;90000;90000;2016;20161231;1.456;952;3.706;325;0,79;0,51;2,00;0,18
AT13;90100;90100;2016;20161231;67;80;329;21;4,07;4,86;19,99;1,28
AT13;90200;90200;2016;20161231;80;35;149;19;0,77;0,34;1,43;0,18
AT13;90300;90300;2016;20161231;69;56;198;16;0,77;0,62;2,20;0,18
AT13;90400;90400;2016;20161231;37;32;110;8;1,13;0,97;3,35;0,24
AT13;90500;90500;2016;20161231;40;28;70;9;0,73;0,51;1,27;0,16
AT13;90600;90600;2016;20161231;43;33;126;7;1,36;1,04;3,99;0,22
AT13;90700;90700;2016;20161231;45;29;99;9;1,40;0,90;3,08;0,28
AT13;90800;90800;2016;20161231;51;32;224;5;2,02;1,27;8,87;0,20
AT13;90900;90900;2016;20161231;54;73;403;13;1,28;1,73;9,55;0,31
AT13;91000;91000;2016;20161231;88;59;103;27;0,45;0,30;0,52;0,14
AT13;91100;91100;2016;20161231;47;27;55;11;0,48;0,27;0,56;0,11
AT13;91200;91200;2016;20161231;79;45;102;16;0,83;0,47;1,07;0,17
AT13;91300;91300;2016;20161231;86;33;236;8;1,59;0,61;4,37;0,15
AT13;91400;91400;2016;20161231;63;45;125;15;0,69;0,49;1,36;0,16
AT13;91500;91500;2016;20161231;53;29;79;14;0,67;0,37;1,00;0,18
AT13;91600;91600;2016;20161231;64;39;94;16;0,62;0,38;0,91;0,15
AT13;91700;91700;2016;20161231;41;25;113;8;0,72;0,44;1,99;0,14
AT13;91800;91800;2016;20161231;70;36;232;12;1,39;0,71;4,59;0,24
AT13;91900;91900;2016;20161231;89;51;388;12;1,24;0,71;5,41;0,17
AT13;92000;92000;2016;20161231;46;29;64;12;0,53;0,34;0,74;0,14
AT13;92100;92100;2016;20161231;82;47;117;27;0,52;0,30;0,74;0,17
AT13;92200;92200;2016;20161231;86;59;174;23;0,47;0,32;0,96;0,13
AT13;92300;92300;2016;20161231;76;30;116;17;0,76;0,30;1,16;0,17
AT13;90000;90000;2017;20171231;1.440;959;3.789;326;0,77;0,51;2,02;0,17
AT13;90100;90100;2017;20171231;70;83;346;21;4,26;5,05;21,05;1,28
AT13;90200;90200;2017;20171231;81;37;151;19;0,77;0,35;1,44;0,18
AT13;90300;90300;2017;20171231;69;55;201;16;0,76;0,61;2,22;0,18
AT13;90400;90400;2017;20171231;39;33;107;8;1,18;1,00;3,23;0,24
AT13;90500;90500;2017;20171231;44;29;72;9;0,79;0,52;1,30;0,16
AT13;90600;90600;2017;20171231;37;31;132;7;1,16;0,97;4,13;0,22
AT13;90700;90700;2017;20171231;42;30;107;9;1,30;0,93;3,32;0,28
AT13;90800;90800;2017;20171231;48;33;228;5;1,88;1,29;8,92;0,20
AT13;90900;90900;2017;20171231;57;72;412;13;1,33;1,68;9,64;0,30
AT13;91000;91000;2017;20171231;88;58;109;27;0,44;0,29;0,55;0,14
AT13;91100;91100;2017;20171231;46;27;55;11;0,46;0,27;0,54;0,11
AT13;91200;91200;2017;20171231;73;46;106;16;0,75;0,48;1,10;0,17
AT13;91300;91300;2017;20171231;86;33;241;8;1,59;0,61;4,45;0,15
AT13;91400;91400;2017;20171231;64;42;120;15;0,69;0,45;1,30;0,16
AT13;91500;91500;2017;20171231;49;27;77;14;0,62;0,34;0,97;0,18
AT13;91600;91600;2017;20171231;64;39;95;16;0,61;0,37;0,91;0,15
AT13;91700;91700;2017;20171231;37;25;130;8;0,64;0,44;2,27;0,14
AT13;91800;91800;2017;20171231;71;33;245;12;1,38;0,64;4,77;0,23
AT13;91900;91900;2017;20171231;87;53;379;12;1,20;0,73;5,23;0,17
AT13;92000;92000;2017;20171231;46;30;67;12;0,53;0,34;0,77;0,14
AT13;92100;92100;2017;20171231;81;49;120;27;0,50;0,30;0,75;0,17
AT13;92200;92200;2017;20171231;88;61;169;24;0,47;0,33;0,91;0,13
AT13;92300;92300;2017;20171231;73;33;120;17;0,71;0,32;1,17;0,17
AT13;90000;90000;2018;20181231;1.443;947;3.872;330;0,76;0,50;2,05;0,17
AT13;90100;90100;2018;20181231;65;82;368;21;3,98;5,02;22,54;1,29
AT13;90200;90200;2018;20181231;82;36;153;20;0,78;0,34;1,45;0,19
AT13;90300;90300;2018;20181231;71;59;201;16;0,78;0,65;2,20;0,18
AT13;90400;90400;2018;20181231;42;29;107;8;1,26;0,87;3,22;0,24
AT13;90500;90500;2018;20181231;42;26;77;9;0,76;0,47;1,39;0,16
AT13;90600;90600;2018;20181231;39;33;119;7;1,22;1,03;3,72;0,22
AT13;90700;90700;2018;20181231;45;29;108;9;1,39;0,90;3,34;0,28
AT13;90800;90800;2018;20181231;51;31;235;5;2,00;1,22;9,22;0,20
AT13;90900;90900;2018;20181231;61;74;432;13;1,44;1,75;10,23;0,31
AT13;91000;91000;2018;20181231;86;57;105;28;0,42;0,28;0,52;0,14
AT13;91100;91100;2018;20181231;44;26;54;12;0,43;0,26;0,53;0,12
AT13;91200;91200;2018;20181231;73;46;105;16;0,75;0,47;1,08;0,16
AT13;91300;91300;2018;20181231;84;32;252;8;1,55;0,59;4,66;0,15
AT13;91400;91400;2018;20181231;62;46;121;15;0,67;0,50;1,30;0,16
AT13;91500;91500;2018;20181231;47;26;77;14;0,60;0,33;0,98;0,18
AT13;91600;91600;2018;20181231;64;39;99;16;0,61;0,37;0,95;0,15
AT13;91700;91700;2018;20181231;36;25;134;8;0,63;0,43;2,33;0,14
AT13;91800;91800;2018;20181231;70;33;253;12;1,35;0,64;4,90;0,23
AT13;91900;91900;2018;20181231;86;52;374;12;1,18;0,72;5,15;0,17
AT13;92000;92000;2018;20181231;47;28;69;12;0,54;0,32;0,79;0,14
AT13;92100;92100;2018;20181231;80;42;126;27;0,49;0,26;0,77;0,16
AT13;92200;92200;2018;20181231;92;63;178;25;0,49;0,33;0,94;0,13
AT13;92300;92300;2018;20181231;74;33;125;17;0,71;0,31;1,19;0,16
AT13;90000;90000;2019;20191231;1.456;944;3.976;330;0,77;0,50;2,09;0,17
AT13;90100;90100;2019;20191231;74;83;382;21;4,58;5,14;23,64;1,30
AT13;90200;90200;2019;20191231;79;37;164;20;0,75;0,35;1,56;0,19
AT13;90300;90300;2019;20191231;74;57;211;16;0,81;0,62;2,30;0,17
AT13;90400;90400;2019;20191231;38;34;107;8;1,15;1,02;3,22;0,24
AT13;90500;90500;2019;20191231;41;25;87;9;0,74;0,45;1,58;0,16
AT13;90600;90600;2019;20191231;37;32;126;7;1,17;1,01;3,97;0,22
AT13;90700;90700;2019;20191231;49;30;117;9;1,53;0,94;3,65;0,28
AT13;90800;90800;2019;20191231;54;29;244;5;2,15;1,15;9,70;0,20
AT13;90900;90900;2019;20191231;63;71;439;13;1,50;1,69;10,47;0,31
AT13;91000;91000;2019;20191231;81;58;105;28;0,39;0,28;0,51;0,14
AT13;91100;91100;2019;20191231;43;26;53;12;0,41;0,25;0,51;0,12
AT13;91200;91200;2019;20191231;67;48;100;16;0,69;0,49;1,03;0,16
AT13;91300;91300;2019;20191231;83;29;261;8;1,54;0,54;4,85;0,15
AT13;91400;91400;2019;20191231;58;46;129;15;0,62;0,49;1,38;0,16
AT13;91500;91500;2019;20191231;48;30;73;14;0,62;0,39;0,95;0,18
AT13;91600;91600;2019;20191231;64;36;101;16;0,62;0,35;0,98;0,15
AT13;91700;91700;2019;20191231;37;25;134;8;0,65;0,44;2,35;0,14
AT13;91800;91800;2019;20191231;74;32;264;12;1,44;0,62;5,13;0,23
AT13;91900;91900;2019;20191231;86;51;379;12;1,17;0,69;5,16;0,16
AT13;92000;92000;2019;20191231;50;29;68;12;0,58;0,34;0,79;0,14
AT13;92100;92100;2019;20191231;84;43;126;27;0,50;0,26;0,76;0,16
AT13;92200;92200;2019;20191231;96;61;180;25;0,50;0,32;0,93;0,13
AT13;92300;92300;2019;20191231;76;32;126;17;0,70;0,30;1,16;0,16
AT13;90000;90000;2020;20201231;1.439;947;4.083;331;0,75;0,49;2,13;0,17
AT13;90100;90100;2020;20201231;75;88;390;21;4,72;5,54;24,53;1,32
AT13;90200;90200;2020;20201231;80;37;161;20;0,76;0,35;1,53;0,19
AT13;90300;90300;2020;20201231;72;58;216;16;0,78;0,63;2,34;0,17
AT13;90400;90400;2020;20201231;39;34;113;8;1,18;1,03;3,42;0,24
AT13;90500;90500;2020;20201231;40;24;95;9;0,73;0,44;1,73;0,16
AT13;90600;90600;2020;20201231;41;35;126;7;1,30;1,11;4,00;0,22
AT13;90700;90700;2020;20201231;49;29;122;9;1,54;0,91;3,83;0,28
AT13;90800;90800;2020;20201231;53;31;264;5;2,16;1,26;10,74;0,20
AT13;90900;90900;2020;20201231;61;74;471;13;1,46;1,77;11,28;0,31
AT13;91000;91000;2020;20201231;84;61;113;28;0,40;0,29;0,54;0,13
AT13;91100;91100;2020;20201231;42;25;53;12;0,40;0,24;0,51;0,11
AT13;91200;91200;2020;20201231;64;44;104;16;0,66;0,45;1,07;0,16
AT13;91300;91300;2020;20201231;85;31;262;8;1,57;0,57;4,85;0,15
AT13;91400;91400;2020;20201231;57;45;128;15;0,61;0,48;1,37;0,16
AT13;91500;91500;2020;20201231;48;29;75;14;0,63;0,38;0,98;0,18
AT13;91600;91600;2020;20201231;63;36;95;16;0,61;0,35;0,92;0,16
AT13;91700;91700;2020;20201231;35;25;141;8;0,62;0,44;2,48;0,14
AT13;91800;91800;2020;20201231;75;31;268;12;1,46;0,60;5,22;0,23
AT13;91900;91900;2020;20201231;82;51;386;12;1,11;0,69;5,23;0,16
AT13;92000;92000;2020;20201231;47;27;68;12;0,55;0,31;0,79;0,14
AT13;92100;92100;2020;20201231;82;46;125;27;0,48;0,27;0,73;0,16
AT13;92200;92200;2020;20201231;92;56;179;25;0,47;0,28;0,91;0,13
AT13;92300;92300;2020;20201231;73;30;128;18;0,66;0,27;1,15;0,16
