Wohnungen in den 250 Zaehlbezirken in Wien - Registerzaehlung 2011 | Housing units in 250 sub-districts in Vienna - Census 2011;;;;;;;;;;;;;;;;;;;;;;;;;;;;;;;;;;;;;;;;;;;;;;;;;;;;;;;;;;;;;;
NUTS1;NUTS2;NUTS3;DISTRICT_CODE;SUB_DISTRICT_CODE;WHG_TOTAL;WHG_WSA_1;WHG_WSA_0;WHG_NOC_0;WHG_NOC_1;WHG_NOC_2;WHG_NOC_3;WHG_NOC_4;WHG_RECHTSVERH_1;WHG_RECHTSVERH_2;WHG_RECHTSVERH_3;WHG_RECHTSVERH_4;WHG_NOR_1;WHG_NOR_2;WHG_NOR_3;WHG_NOR_4;WHG_NTZFL_1;WHG_NTZFL_2;WHG_NTZFL_3;WHG_NTZFL_4;WHG_NTZFL_5;WHG_BEHEIZ_1;WHG_BEHEIZ_0;WHG_BAD_1;WHG_BAD_0;WHG_TOI_1;WHG_TOI_0;WHG_WSS_1;WHG_WSS_0;WHG_AUSST_1;WHG_AUSST_2;WHG_AUSST_3;WHG_AUSST_4;OBJ_TYP_1;OBJ_TYP_2;OBJ_TYP_3;OBJ_TYP_4;OBJ_TYP_5;OBJ_EIGENT_1;OBJ_EIGENT_2;OBJ_EIGENT_3;OBJ_EIGENT_4;OBJ_BAUP_1;OBJ_BAUP_2;OBJ_BAUP_3;OBJ_BAUP_4;OBJ_BAUP_5;OBJ_BAUP_6;OBJ_BAUP_7;OBJ_BAUP_8;OBJ_BAUP_9;OBJ_ANZWHG_1;OBJ_ANZWHG_2;OBJ_ANZWHG_3;OBJ_ANZWHG_4;OBJ_ANZWHG_5;OBJ_ANZWHG_6;REF_DAT
AT1;AT13;AT130;90100;90101;3004;2148;856;856;1178;560;388;22;50;321;2342;291;284;501;1833;386;384;504;930;706;480;2900;104;2910;94;2904;100;2999;5;2755;81;68;100;1;12;2614;58;319;1372;514;0;1118;2076;278;289;260;10;45;38;8;0;20;32;247;616;1086;1003;20111031
AT1;AT13;AT130;90100;90102;1049;781;268;268;377;205;185;14;22;111;813;103;51;117;645;236;115;116;220;251;347;1014;35;1027;22;1030;19;1049;0;981;30;19;19;4;0;825;0;220;598;38;1;412;732;158;101;32;0;11;3;6;6;10;2;66;265;433;273;20111031
AT1;AT13;AT130;90100;90103;1389;1023;366;366;476;286;241;20;18;234;972;165;82;129;892;286;99;108;335;406;441;1348;41;1362;27;1366;23;1388;1;1309;36;21;23;0;0;1096;0;293;768;63;0;558;1006;12;286;0;6;4;61;1;13;22;14;115;424;570;244;20111031
AT1;AT13;AT130;90100;90104;1014;722;292;292;309;222;177;14;18;50;837;109;27;89;619;279;45;82;236;252;399;971;43;982;32;982;32;1013;1;919;39;24;32;3;6;791;14;200;426;217;10;361;966;11;16;7;0;0;1;2;11;14;24;76;337;519;44;20111031
AT1;AT13;AT130;90100;90105;1337;1064;273;273;494;300;255;15;10;145;1073;109;59;175;889;214;87;182;390;344;334;1275;62;1309;28;1313;24;1337;0;1234;56;23;24;0;4;1198;0;135;653;219;6;459;1008;17;187;85;0;8;6;0;26;11;10;38;330;702;246;20111031
AT1;AT13;AT130;90100;90106;1915;1463;452;452;826;333;281;23;32;231;1485;167;183;308;1157;267;271;356;504;438;346;1857;58;1876;39;1863;52;1915;0;1783;54;26;52;3;8;1738;0;166;1061;372;24;458;1180;171;399;85;12;36;13;10;9;17;22;126;515;725;510;20111031
AT1;AT13;AT130;90100;90107;2032;1434;598;598;779;368;269;18;16;434;1366;216;192;299;1235;306;272;292;561;494;413;1979;53;1977;55;1994;38;2031;1;1902;46;46;38;0;4;1662;16;350;1087;413;12;520;1146;47;614;203;22;0;0;0;0;10;14;150;449;770;639;20111031
AT1;AT13;AT130;90200;90201;5178;4851;327;327;2137;1359;1263;92;18;410;4603;147;403;1018;3698;59;701;1172;2626;655;24;5114;64;5074;104;5007;171;5175;3;4908;36;63;171;0;4;5092;72;10;1112;1821;1573;672;739;329;664;538;626;118;745;284;1135;3;6;8;29;1462;3670;20111031
AT1;AT13;AT130;90200;90202;6345;5437;908;908;2498;1488;1329;122;102;886;4893;464;653;1233;4265;194;1519;1668;2268;755;135;5658;687;5924;421;5406;939;6308;37;4909;333;164;939;6;2;6258;0;79;4585;817;221;722;4332;200;730;628;117;229;67;11;31;13;6;20;367;2809;3130;20111031
AT1;AT13;AT130;90200;90203;7549;6281;1268;1268;3160;1668;1377;76;113;1009;5896;531;586;1350;5196;417;1367;1825;2743;1404;210;6935;614;7173;376;6908;641;7529;20;6366;347;195;641;7;4;7364;75;99;4965;1107;523;954;4465;494;794;604;170;212;322;399;89;14;4;83;791;3869;2788;20111031
AT1;AT13;AT130;90200;90204;8388;6831;1557;1557;3103;1978;1560;190;129;1235;6238;786;652;1368;5883;485;1214;1896;3255;1548;475;7729;659;8073;315;7757;631;8363;25;7177;424;156;631;3;8;8129;97;151;5625;1482;435;846;4928;183;1180;1110;394;340;138;87;28;11;14;98;958;4042;3265;20111031
AT1;AT13;AT130;90200;90205;5358;4466;892;892;2118;1297;965;86;104;1131;3702;421;373;821;3849;315;664;1232;2190;979;293;5013;345;5228;130;5054;304;5351;7;4765;231;58;304;0;4;4954;252;148;3629;875;276;578;2885;44;753;1061;230;196;134;27;28;6;6;89;748;2085;2424;20111031
AT1;AT13;AT130;90200;90206;4237;3336;901;901;1580;1012;705;39;570;607;2776;284;514;721;2789;213;876;954;1448;714;245;4027;210;4109;128;4043;194;4228;9;3808;163;72;194;575;30;3571;26;35;2693;995;307;242;1557;223;1150;515;134;424;44;69;121;600;38;47;240;1689;1623;20111031
AT1;AT13;AT130;90200;90207;7812;6682;1130;1130;3371;1817;1390;104;132;794;6386;500;800;1732;5103;177;2234;2226;2567;698;87;7067;745;7244;568;6631;1181;7775;37;6020;376;235;1181;6;0;7752;0;54;5336;1365;302;809;4713;1087;578;760;216;1;21;136;300;12;0;4;176;2161;5459;20111031
AT1;AT13;AT130;90200;90208;1478;914;564;564;371;339;186;18;682;36;678;82;325;271;840;42;510;323;543;79;23;1411;67;1382;96;1436;42;1469;9;1302;56;78;42;752;24;684;0;18;835;413;202;28;80;164;82;408;120;292;90;41;201;759;26;13;63;421;196;20111031
AT1;AT13;AT130;90200;90209;7547;7038;509;509;2787;2085;1957;209;87;530;6676;254;696;1289;5426;136;1338;1846;3173;1141;49;7252;295;7273;274;7021;526;7516;31;6776;134;111;526;1;0;7511;6;29;2160;4511;716;160;1813;820;1077;1160;1436;307;101;210;623;4;2;14;58;1906;5563;20111031
AT1;AT13;AT130;90200;90210;3;1;2;2;0;1;0;0;3;0;0;0;0;0;2;1;0;0;1;0;2;3;0;3;0;3;0;3;0;3;0;0;0;1;0;0;0;2;1;0;0;2;0;0;0;0;2;0;0;0;1;1;2;0;0;0;0;20111031
AT1;AT13;AT130;90300;90301;6696;5620;1076;1076;2637;1688;1238;57;115;769;5415;397;579;1084;4572;461;1194;1288;2259;1474;481;6128;568;6376;320;6053;643;6680;16;5567;336;150;643;3;4;6592;0;97;4878;752;264;802;5016;350;344;432;187;272;43;47;5;10;6;49;844;3648;2139;20111031
AT1;AT13;AT130;90300;90302;5175;4321;854;854;2022;1277;966;56;89;626;4069;391;342;581;3682;570;532;812;1771;1406;654;4878;297;5017;158;4999;176;5166;9;4667;230;102;176;10;4;4974;63;124;3519;648;220;788;3404;303;349;365;442;149;91;1;71;15;6;93;739;2671;1651;20111031
AT1;AT13;AT130;90300;90303;3595;2942;653;653;1397;775;720;50;69;391;2830;305;255;444;2354;542;438;599;1087;848;623;3437;158;3526;69;3498;97;3590;5;3321;129;48;97;7;8;3469;8;103;1770;811;111;903;1882;518;741;168;166;28;3;43;46;22;22;94;555;1592;1310;20111031
AT1;AT13;AT130;90300;90304;6812;5585;1227;1227;2840;1565;1120;60;85;1736;4306;685;701;1370;4458;283;1603;1693;2430;846;240;6237;575;6510;302;6130;682;6792;20;5659;348;123;682;1;0;6732;34;45;5387;729;107;589;3187;513;1581;951;383;66;43;87;1;3;2;25;346;2370;4066;20111031
AT1;AT13;AT130;90300;90305;4819;4078;741;741;1932;1193;909;44;71;774;3651;323;427;714;3480;198;779;1002;1921;986;131;4538;281;4644;175;4432;387;4799;20;4198;164;70;387;2;6;4711;15;85;3482;404;409;524;2441;83;232;489;365;246;555;128;280;9;12;76;543;2219;1960;20111031
AT1;AT13;AT130;90300;90306;9234;8127;1107;1107;4303;2168;1569;87;104;978;7605;547;1045;2243;5732;214;2590;2603;2982;911;148;8689;545;8762;472;8432;802;9200;34;7907;295;230;802;2;10;9121;4;97;4611;2940;816;867;4366;1694;1186;733;264;382;225;163;221;11;12;80;730;4239;4162;20111031
AT1;AT13;AT130;90300;90307;2826;2441;385;385;1148;682;575;36;23;157;2491;155;422;588;1777;39;811;841;920;215;39;2641;185;2710;116;2569;257;2816;10;2454;86;29;257;8;2;2708;66;42;1047;1004;396;379;730;32;835;309;133;11;281;86;409;20;12;7;70;748;1969;20111031
AT1;AT13;AT130;90300;90308;923;779;144;144;357;273;141;8;111;1;776;35;43;64;738;78;82;71;442;221;107;914;9;906;17;920;3;922;1;896;9;15;3;107;6;807;0;3;122;798;1;2;289;12;101;294;13;186;12;5;11;108;8;0;20;412;375;20111031
AT1;AT13;AT130;90300;90309;5130;4357;773;773;2009;1282;1015;51;99;674;4059;298;283;679;3452;716;563;967;1750;1094;756;4859;271;4989;141;4879;251;5120;10;4618;197;64;251;5;4;5032;21;68;3478;663;461;528;3194;167;486;361;172;327;66;276;81;9;16;78;613;2715;1699;20111031
AT1;AT13;AT130;90300;90310;4567;3784;783;783;1845;986;868;85;46;461;3773;287;541;1021;2921;84;1293;1371;1404;454;45;4229;338;4253;314;4103;464;4553;14;3716;185;202;464;1;2;4441;78;45;2049;2119;141;258;1836;1462;257;142;108;600;46;113;3;4;6;18;145;1752;2642;20111031
AT1;AT13;AT130;90300;90311;1550;1438;112;112;748;381;288;21;7;98;1402;43;208;345;982;15;497;434;558;56;5;1522;28;1464;86;1546;4;1550;0;1445;17;84;4;0;2;1544;0;4;180;1081;289;0;2;729;422;147;0;88;9;0;153;1;2;3;50;1133;361;20111031
AT1;AT13;AT130;90400;90401;1558;1203;355;355;615;332;237;19;27;178;1257;96;217;218;913;210;300;302;419;299;238;1510;48;1500;58;1494;64;1554;4;1430;34;30;64;0;4;1444;2;108;812;185;0;561;846;502;68;60;65;0;0;17;0;7;6;48;336;603;558;20111031
AT1;AT13;AT130;90400;90402;6198;5100;1098;1098;2549;1413;1083;55;104;1043;4656;395;434;876;4197;691;897;1217;1993;1354;737;5859;339;5960;238;5920;278;6188;10;5543;234;143;278;9;4;6050;14;121;3938;804;214;1242;3604;370;855;529;190;194;114;280;62;17;8;136;778;2830;2429;20111031
AT1;AT13;AT130;90400;90403;7449;6116;1333;1333;2977;1799;1269;71;110;1241;5574;524;597;978;5155;719;964;1451;2495;1725;814;7010;439;7216;233;7039;410;7437;12;6598;313;128;410;1;8;7228;77;135;5186;704;436;1123;4988;80;759;763;401;319;61;64;14;15;20;140;1303;3385;2586;20111031
AT1;AT13;AT130;90400;90404;4128;3456;672;672;1662;973;775;46;38;874;2909;307;289;603;2937;299;554;812;1542;954;266;3918;210;4036;92;4039;89;4126;2;3798;171;70;89;1;2;4085;10;30;2806;981;23;318;1902;129;1171;613;125;142;10;23;13;2;4;18;333;2051;1720;20111031
AT1;AT13;AT130;90500;90501;7663;6176;1487;1487;3275;1702;1150;49;146;1142;5748;627;752;1435;5121;355;1562;1710;2873;1177;341;7055;608;7298;365;6843;820;7642;21;6368;328;147;820;13;12;7451;4;183;5085;659;658;1261;4564;336;233;739;681;544;303;166;97;22;22;164;790;3567;3098;20111031
AT1;AT13;AT130;90500;90502;11532;9947;1585;1585;4965;2662;2156;164;126;1601;9067;738;1406;2628;7243;255;3245;3369;3884;907;127;10595;937;10912;620;10456;1076;11497;35;9557;557;342;1076;1;0;11430;0;101;5877;4157;697;801;4424;2419;2737;844;429;131;284;209;55;7;6;35;288;5749;5447;20111031
AT1;AT13;AT130;90500;90503;9810;8149;1661;1661;4082;2195;1757;115;167;1629;7290;724;1378;2113;6045;274;3042;2503;3186;925;154;8790;1020;9083;727;8219;1591;9725;85;7500;498;221;1591;6;6;9668;40;90;6711;1630;285;1184;5950;1061;663;648;755;221;199;119;194;15;8;110;973;4644;4060;20111031
AT1;AT13;AT130;90500;90504;4076;3331;745;745;1689;979;619;44;63;562;3151;300;422;731;2729;194;878;971;1474;615;138;3776;300;3909;167;3690;386;4065;11;3450;173;67;386;4;2;4042;3;25;2976;199;117;784;2922;118;155;200;149;204;183;76;69;7;2;57;359;1928;1723;20111031
AT1;AT13;AT130;90600;90601;4518;3749;769;769;1796;1120;790;43;76;357;3746;339;283;623;3013;599;552;737;1403;1161;665;4162;356;4326;192;4208;310;4512;6;3871;228;109;310;4;8;4404;18;84;3069;569;101;779;3755;103;58;209;115;155;47;49;27;16;16;138;766;2537;1045;20111031
AT1;AT13;AT130;90600;90602;5830;4854;976;976;2500;1380;907;67;117;990;4240;483;674;1183;3756;217;1231;1511;2086;836;166;5451;379;5625;205;5414;416;5812;18;5089;221;104;416;5;4;5638;84;99;4107;825;443;455;2657;568;653;498;533;433;189;49;250;16;10;83;416;2536;2769;20111031
AT1;AT13;AT130;90600;90603;8197;6739;1458;1458;3446;1912;1312;69;145;1528;5801;723;695;1490;5526;486;1249;1710;2984;1752;502;7793;404;8000;197;7820;377;8187;10;7417;281;122;377;4;8;7938;59;188;5874;726;619;978;4703;192;327;413;929;893;447;139;154;17;14;163;882;3388;3733;20111031
AT1;AT13;AT130;90700;90701;3454;2961;493;493;1509;838;594;20;59;239;2914;242;225;513;2411;305;402;648;1245;840;319;3248;206;3336;118;3280;174;3446;8;3082;130;68;174;2;24;3418;0;10;2012;310;119;1013;2867;44;141;63;126;88;11;38;76;8;28;119;652;1913;734;20111031
AT1;AT13;AT130;90700;90702;1863;1571;292;292;808;440;308;15;45;164;1537;117;134;231;1316;182;227;294;707;397;238;1800;63;1821;42;1809;54;1862;1;1743;45;21;54;4;20;1792;0;47;1395;151;55;262;1416;42;0;78;0;25;156;26;120;8;28;110;430;973;314;20111031
AT1;AT13;AT130;90700;90703;2818;2487;331;331;1308;691;467;21;44;212;2331;231;187;468;1929;234;388;546;1083;517;284;2705;113;2762;56;2727;91;2816;2;2604;89;34;91;1;4;2683;46;84;1593;341;266;618;1715;192;147;282;80;151;82;24;145;10;4;86;340;1355;1023;20111031
AT1;AT13;AT130;90700;90704;5871;4984;887;887;2593;1328;1017;46;92;795;4567;417;507;859;4154;351;912;1116;2055;1471;317;5603;268;5685;186;5478;393;5857;14;5214;172;92;393;5;6;5733;68;59;4422;402;255;792;4151;167;37;182;288;575;204;112;155;14;8;97;680;2676;2396;20111031
AT1;AT13;AT130;90700;90705;5081;4254;827;827;2290;1145;789;30;88;841;3813;339;478;849;3484;270;977;1042;2011;832;219;4705;376;4856;225;4542;539;5050;31;4276;181;85;539;3;8;4989;2;79;3716;265;275;825;3700;228;174;176;224;290;131;94;64;9;14;104;765;2356;1833;20111031
AT1;AT13;AT130;90800;90801;2844;2330;514;514;1148;645;510;27;56;163;2346;279;197;433;1828;386;370;536;921;623;394;2733;111;2773;71;2667;177;2838;6;2554;77;36;177;2;10;2672;75;85;1638;445;174;587;2170;163;123;73;154;32;98;12;19;6;16;65;307;1644;806;20111031
AT1;AT13;AT130;90800;90802;6962;5570;1392;1392;2777;1607;1138;48;153;994;5231;584;512;993;4680;777;884;1123;2418;1797;740;6649;313;6785;177;6717;245;6951;11;6370;237;110;245;11;16;6653;181;101;5126;417;183;1236;5142;168;301;443;373;254;162;78;41;19;30;174;1251;3072;2416;20111031
AT1;AT13;AT130;90800;90803;5061;4018;1043;1043;2153;1118;713;34;61;944;3620;436;409;867;3509;276;785;1046;1945;1026;259;4810;251;4871;190;4766;295;5050;11;4494;167;105;295;4;4;4978;31;44;3737;303;133;888;3251;361;448;224;407;190;114;18;48;9;6;81;334;2386;2245;20111031
AT1;AT13;AT130;90900;90901;5576;4638;938;938;2579;1246;776;37;87;509;4596;384;605;1165;3558;248;1346;1405;1859;772;194;5203;373;5330;246;5231;345;5560;16;4819;247;165;345;9;10;5450;76;31;3166;1321;183;906;3281;696;435;432;219;271;153;55;34;14;14;54;480;2620;2394;20111031
AT1;AT13;AT130;90900;90902;6575;5397;1178;1178;2674;1584;1105;34;106;610;5420;439;585;1007;4473;510;1043;1300;2187;1519;526;6107;468;6292;283;6192;383;6563;12;5687;329;176;383;0;4;6429;100;42;4398;854;293;1030;5022;592;260;97;107;181;231;79;6;5;6;53;509;3369;2633;20111031
AT1;AT13;AT130;90900;90903;3405;2235;1170;1170;1218;581;408;28;44;294;2475;592;992;540;1696;177;1251;624;927;421;182;3240;165;3293;112;3179;226;3399;6;3001;105;73;226;1;2;2649;703;50;1737;967;251;450;1502;443;437;71;72;11;423;52;394;5;8;30;300;1367;1695;20111031
AT1;AT13;AT130;90900;90904;6162;4929;1233;1233;2680;1355;843;51;111;709;4746;596;556;1252;4033;321;1158;1499;2202;1058;245;5678;484;5864;298;5643;519;6143;19;5186;295;162;519;0;0;6019;76;67;4547;570;166;879;4579;373;214;371;274;115;112;41;83;8;8;61;779;3019;2287;20111031
AT1;AT13;AT130;90900;90905;3286;2612;674;674;1224;714;638;36;59;378;2576;273;183;348;2220;535;292;393;1020;872;709;3090;196;3193;93;3147;139;3282;4;2956;139;52;139;4;10;3063;132;77;2023;291;5;967;2719;92;249;43;0;51;48;34;50;11;14;80;600;1462;1119;20111031
AT1;AT13;AT130;90900;90906;1267;988;279;279;485;251;239;13;29;110;1021;107;75;151;825;216;114;141;343;386;283;1158;109;1218;49;1219;48;1265;2;1095;97;27;48;0;0;1171;12;84;810;168;27;262;1017;7;40;12;0;38;0;0;153;11;0;36;230;681;309;20111031
AT1;AT13;AT130;91000;91001;401;361;40;40;114;84;154;9;2;58;321;20;28;76;292;5;56;46;258;39;2;372;29;388;13;350;51;400;1;341;7;2;51;1;0;399;0;1;253;26;100;22;123;1;19;16;0;0;3;1;238;2;0;3;0;122;274;20111031
AT1;AT13;AT130;91000;91002;10304;8885;1419;1419;4072;2353;2226;234;139;1782;7675;708;1736;2377;6016;175;3427;2668;3489;657;63;9580;724;9637;667;9183;1121;10250;54;8505;362;316;1121;17;16;10151;28;92;5211;3702;831;560;2588;1636;2709;935;459;1388;354;110;125;24;20;60;648;4243;5309;20111031
AT1;AT13;AT130;91000;91003;3944;3452;492;492;1611;995;786;60;78;385;3257;224;545;747;2564;88;1034;1183;1437;262;28;3617;327;3778;166;3505;439;3927;17;3292;175;38;439;26;4;3863;10;41;1685;1314;740;205;1177;48;1251;589;257;390;75;110;47;37;8;31;353;1588;1927;20111031
AT1;AT13;AT130;91000;91004;4841;3925;916;916;1838;1072;930;85;141;840;3482;378;785;1061;2902;93;1442;1381;1576;396;46;4393;448;4485;356;3943;898;4795;46;3657;201;85;898;10;12;4717;7;95;3668;480;285;408;2623;333;556;608;276;179;168;42;56;22;16;75;647;2259;1822;20111031
AT1;AT13;AT130;91000;91005;9073;7849;1224;1224;3310;2123;2215;201;169;1578;6785;541;1335;1616;5757;365;2411;2024;3504;1062;72;8431;642;8480;593;7633;1440;8997;76;7311;212;110;1440;24;22;8982;1;44;5060;969;2273;771;3517;643;526;334;1171;1184;777;784;137;37;24;109;675;2875;5353;20111031
AT1;AT13;AT130;91000;91006;6429;5490;939;939;2424;1464;1477;125;125;829;5035;440;1175;1449;3659;146;2191;1607;2179;400;52;5745;684;5919;510;5044;1385;6359;70;4660;272;112;1385;13;4;6338;8;66;4335;811;805;478;3409;348;456;613;305;237;578;250;233;25;10;36;349;2067;3942;20111031
AT1;AT13;AT130;91000;91007;6730;5993;737;737;2762;1778;1365;88;57;1831;4416;426;712;1078;4743;197;1249;1755;3086;599;41;6471;259;6580;150;6348;382;6712;18;6163;140;45;382;9;6;6636;8;71;3329;889;2100;412;994;297;761;2274;1006;353;519;246;280;17;12;37;157;2268;4239;20111031
AT1;AT13;AT130;91000;91008;5108;4406;702;702;1905;1235;1180;86;61;862;3888;297;693;1042;3300;73;1311;1358;1924;481;34;4829;279;4847;261;4540;568;5090;18;4311;124;105;568;0;8;5076;1;23;2865;659;1280;304;1630;737;194;976;611;244;184;75;457;5;14;7;144;1058;3880;20111031
AT1;AT13;AT130;91000;91009;2294;2191;103;103;907;662;590;32;5;28;2085;176;185;354;1702;53;432;620;919;297;26;2250;44;2210;84;2277;17;2293;1;2166;32;79;17;1;0;2013;279;1;261;1432;434;167;42;715;387;0;1;296;419;156;278;4;0;15;537;702;1036;20111031
AT1;AT13;AT130;91000;91010;8988;8387;601;601;4153;2427;1663;144;33;748;7870;337;1233;1866;5826;63;2633;2645;3226;453;31;8723;265;8658;330;8718;270;8981;7;8313;156;249;270;6;2;8879;16;85;1389;4896;2455;248;650;1889;2159;2909;583;470;90;135;103;14;8;8;162;5199;3597;20111031
AT1;AT13;AT130;91000;91011;4629;4131;498;498;1786;1164;1057;124;595;31;3866;137;585;864;2987;193;1271;744;1785;760;69;4472;157;4388;241;4610;19;4625;4;4270;110;230;19;802;32;3774;13;8;730;2837;1042;20;2;1495;42;1081;331;1318;247;38;75;808;32;18;138;1236;2397;20111031
AT1;AT13;AT130;91000;91012;1188;1152;36;36;467;313;359;13;1;220;966;1;17;98;934;139;45;121;681;336;5;1188;0;1188;0;1188;0;1188;0;1188;0;0;0;0;0;1184;0;4;430;0;522;236;0;0;0;0;0;2;16;1148;22;4;0;0;0;85;1099;20111031
AT1;AT13;AT130;91000;91013;3224;2882;342;342;1442;956;459;25;340;48;2736;100;245;774;2144;61;646;1304;1107;143;24;3095;129;3155;69;3216;8;3224;0;3037;114;65;8;662;86;2465;0;11;430;1237;1553;4;2;500;724;1431;480;38;11;26;12;666;88;334;724;1044;368;20111031
AT1;AT13;AT130;91000;91014;2221;2099;122;122;934;706;430;29;61;2;2117;41;98;377;1712;34;312;1185;617;101;6;2077;144;2207;14;2218;3;2221;0;2065;139;14;3;713;26;1478;0;4;66;1650;505;0;1;2;1614;284;253;50;16;0;1;717;26;71;1049;358;0;20111031
AT1;AT13;AT130;91000;91015;3234;2771;463;463;1022;886;836;27;701;144;2278;111;183;382;2349;320;440;603;1782;345;64;3137;97;3148;86;3209;25;3230;4;3067;69;73;25;855;38;2292;3;46;1401;435;1339;59;66;165;191;590;205;119;137;1029;732;861;38;14;79;672;1570;20111031
AT1;AT13;AT130;91000;91016;3509;2872;637;637;1212;974;659;27;1120;53;2213;123;393;609;2141;366;961;712;876;692;268;3319;190;3291;218;3488;21;3503;6;3130;153;205;21;1737;88;1634;36;14;1243;1120;1092;54;3;1304;369;668;191;502;252;124;96;1743;90;59;325;881;411;20111031
AT1;AT13;AT130;91000;91017;415;364;51;51;89;126;141;8;160;55;171;29;5;28;320;62;18;39;126;170;62;396;19;407;8;402;13;415;0;387;12;3;13;273;26;74;0;42;295;3;77;40;56;37;15;70;69;101;34;5;28;278;30;35;28;14;30;20111031
AT1;AT13;AT130;91000;91018;2164;2017;147;147;776;580;644;17;421;184;1472;87;110;288;1569;197;153;325;948;571;167;2130;34;2157;7;2155;9;2163;1;2122;31;2;9;420;80;1597;25;42;991;266;649;258;118;69;171;79;98;28;836;405;360;446;90;155;261;640;572;20111031
AT1;AT13;AT130;91000;91019;1529;1267;262;262;488;431;328;20;562;315;481;171;82;149;1071;227;165;258;461;462;183;1433;96;1492;37;1472;57;1523;6;1399;60;13;57;693;86;699;2;49;1256;107;103;63;192;87;198;380;61;151;277;72;111;706;98;223;325;131;46;20111031
AT1;AT13;AT130;91000;91020;4737;4635;102;102;1905;1712;936;82;12;2;4661;62;249;396;4044;48;427;556;3189;559;6;4737;0;4735;2;4735;2;4737;0;4733;0;2;2;0;0;4728;4;5;0;4732;0;5;0;0;0;2394;2343;0;0;0;0;3;2;4;366;1652;2710;20111031
AT1;AT13;AT130;91000;91021;2874;2652;222;222;747;860;1015;30;238;167;2415;54;162;264;2347;101;205;241;1807;601;20;2871;3;2862;12;2870;4;2874;0;2859;2;9;4;262;14;2577;4;17;483;1742;632;17;1;1;3;21;41;1004;1644;60;99;264;14;90;1074;934;498;20111031
AT1;AT13;AT130;91000;91022;4057;3214;843;843;1491;934;727;62;83;1121;2410;443;448;823;2715;71;874;1085;1666;404;28;3779;278;3887;170;3608;449;4037;20;3444;123;41;449;0;2;3960;42;53;3063;42;649;303;1454;117;713;925;250;138;107;286;67;3;8;67;234;1458;2287;20111031
AT1;AT13;AT130;91000;91023;5199;4409;790;790;2104;1165;1043;97;65;566;4227;341;916;1070;3138;75;1590;1441;1798;346;24;4956;243;4929;270;4784;415;5186;13;4530;112;142;415;20;4;4858;304;13;1851;2324;347;677;888;1011;610;1317;66;12;315;691;289;25;4;25;248;1759;3138;20111031
AT1;AT13;AT130;91100;91101;1494;967;527;527;587;221;153;6;29;320;1136;9;51;220;1096;127;152;346;682;313;1;1491;3;1491;3;1493;1;1494;0;1488;3;2;1;13;6;1122;0;353;457;129;748;160;7;6;6;0;0;0;220;853;402;13;8;3;9;0;1461;20111031
AT1;AT13;AT130;91100;91102;7185;6448;737;737;2887;1906;1529;126;95;800;5956;334;812;1283;4961;129;1688;2126;2741;576;54;6795;390;6877;308;6605;580;7159;26;6303;180;122;580;42;32;7025;1;85;2525;3246;1122;292;1364;1034;1387;1383;1116;349;123;184;245;58;38;76;571;4274;2168;20111031
AT1;AT13;AT130;91100;91103;8836;7657;1179;1179;3490;2093;1906;168;193;1292;6808;543;1145;1941;5491;259;2392;2356;3147;874;67;8290;546;8341;495;8073;763;8795;41;7557;257;259;763;90;22;8675;5;44;4115;2852;1330;539;1903;1281;1669;1467;472;786;595;495;168;99;34;61;660;4493;3489;20111031
AT1;AT13;AT130;91100;91104;2397;2170;227;227;863;738;537;32;77;266;1905;149;239;418;1700;40;496;557;1102;230;12;2267;130;2334;63;2237;160;2381;16;2149;71;17;160;97;8;2280;0;12;648;758;906;85;371;14;862;306;375;426;24;5;14;105;12;10;42;762;1466;20111031
AT1;AT13;AT130;91100;91105;5710;5346;364;364;2346;1625;1296;79;324;155;5109;122;377;1033;4137;163;828;1818;2460;502;102;5620;90;5536;174;5676;34;5706;4;5452;62;162;34;443;74;5153;2;38;826;2841;1799;244;133;1144;869;1201;378;384;741;347;513;449;80;223;1359;1809;1790;20111031
AT1;AT13;AT130;91100;91106;156;133;23;23;41;38;49;5;68;0;76;12;3;21;115;17;25;32;45;45;9;138;18;145;11;146;10;150;6;135;7;4;10;75;0;78;0;3;71;82;1;2;45;31;5;0;0;3;57;1;14;76;2;14;41;23;0;20111031
AT1;AT13;AT130;91100;91107;3695;3141;554;554;1242;1063;771;65;829;60;2704;102;370;466;2758;101;618;960;1626;446;45;3574;121;3634;61;3622;73;3690;5;3500;84;38;73;999;52;2627;6;11;1235;2025;353;82;278;209;370;1841;245;115;301;81;255;1007;52;54;142;1016;1424;20111031
AT1;AT13;AT130;91100;91108;370;356;14;14;118;120;117;1;1;1;357;11;28;29;301;12;33;20;208;103;6;370;0;370;0;370;0;370;0;370;0;0;0;69;0;294;4;3;3;0;359;8;2;1;1;0;7;0;346;4;9;74;2;0;18;72;204;20111031
AT1;AT13;AT130;91100;91109;1036;924;112;112;295;260;328;41;273;80;626;57;18;99;744;175;49;168;422;252;145;1019;17;1030;6;1024;12;1035;1;1011;11;2;12;289;74;657;7;9;588;64;374;10;93;36;57;35;97;175;149;36;358;297;76;70;60;328;205;20111031
AT1;AT13;AT130;91100;91110;11128;10715;413;413;3646;3333;3506;230;337;736;9819;236;345;1224;9158;401;607;1909;6140;2347;125;11066;62;11109;19;11094;34;11125;3;11044;40;10;34;537;76;10470;14;31;2169;4697;4075;187;107;58;65;686;3527;978;3813;415;1479;554;84;135;639;2095;7621;20111031
AT1;AT13;AT130;91100;91111;2172;1843;329;329;729;571;503;40;325;123;1633;91;237;462;1385;88;470;527;814;284;77;2055;117;2108;64;2116;56;2165;7;1983;89;44;56;323;50;1763;5;31;621;1033;496;22;456;131;225;101;745;34;291;56;133;333;60;44;260;733;742;20111031
AT1;AT13;AT130;91100;91112;171;137;34;34;41;59;29;8;83;12;56;20;6;20;112;33;12;16;60;53;30;151;20;167;4;162;9;169;2;144;17;1;9;72;26;66;0;7;132;3;36;0;14;27;29;21;15;14;4;2;45;76;26;33;36;0;0;20111031
AT1;AT13;AT130;91100;91113;2612;2263;349;349;974;806;461;22;401;272;1797;142;285;374;1814;139;499;421;1219;377;96;2556;56;2589;23;2584;28;2612;0;2525;39;20;28;444;30;2123;0;15;1032;55;1422;103;86;61;114;473;273;780;409;185;231;449;36;17;329;628;1153;20111031
AT1;AT13;AT130;91200;91201;2371;1943;428;428;915;538;451;39;58;416;1655;242;282;489;1553;47;550;639;909;245;28;2239;132;2272;99;2140;231;2358;13;2052;66;22;231;5;14;2256;18;78;1655;404;145;167;1076;101;275;555;171;82;17;18;76;19;30;83;302;1312;625;20111031
AT1;AT13;AT130;91200;91202;9551;8485;1066;1066;4032;2330;1966;157;119;1281;7590;561;1134;2243;5977;197;2864;2884;2781;967;55;8955;596;8872;679;8622;929;9528;23;7905;299;418;929;5;10;9467;12;57;4302;3539;1315;395;2729;3230;974;296;634;340;791;437;120;12;14;57;488;4842;4138;20111031
AT1;AT13;AT130;91200;91203;2718;2496;222;222;1275;634;526;61;10;2;2541;165;394;919;1383;22;1101;972;598;42;5;2641;77;2563;155;2710;8;2718;0;2500;58;152;8;0;8;2701;0;9;0;2618;0;100;0;1354;1260;0;4;0;0;100;0;0;8;14;426;1580;690;20111031
AT1;AT13;AT130;91200;91204;5141;4128;1013;1013;2002;1139;920;67;166;1217;3254;504;687;1145;3158;151;1412;1325;1827;496;81;4820;321;4897;244;4546;595;5120;21;4350;137;59;595;21;50;4860;15;195;3556;649;487;449;1822;199;1066;750;328;463;268;114;131;36;76;246;817;2645;1321;20111031
AT1;AT13;AT130;91200;91205;5065;4222;843;843;2081;1144;933;64;81;927;3715;342;651;894;3389;131;1214;1303;1932;544;72;4777;288;4811;254;4474;591;5042;23;4248;148;78;591;6;10;4943;0;106;2874;741;783;667;2019;325;571;1075;285;569;65;112;44;14;24;70;604;2111;2242;20111031
AT1;AT13;AT130;91200;91206;5462;4393;1069;1069;2154;1192;985;62;140;931;3987;404;747;993;3507;215;1416;1143;1997;767;139;5062;400;5135;327;4653;809;5427;35;4380;189;84;809;16;20;5300;34;92;4411;206;556;289;3481;228;177;404;594;152;156;57;213;29;34;148;676;2778;1797;20111031
AT1;AT13;AT130;91200;91207;3743;3323;420;420;1619;963;691;50;119;465;3006;153;290;629;2724;100;783;1320;1205;381;54;3655;88;3574;169;3703;40;3740;3;3485;62;156;40;66;64;3535;27;51;885;2025;771;62;180;1180;1511;506;162;97;66;9;32;68;64;374;1181;1595;461;20111031
AT1;AT13;AT130;91200;91208;2760;2233;527;527;1085;649;466;33;310;170;2100;180;482;570;1645;63;902;654;996;185;23;2578;182;2561;199;2357;403;2743;17;2191;90;76;403;356;18;2348;0;38;1565;453;473;269;919;343;199;626;145;99;349;38;42;361;24;22;248;1254;851;20111031
AT1;AT13;AT130;91200;91209;3358;3076;282;282;1093;774;979;230;361;23;2899;75;349;619;2193;197;899;289;1587;497;86;3336;22;3248;110;3349;9;3357;1;3229;15;105;9;402;34;2921;0;1;422;2917;11;8;0;59;874;550;1171;615;45;26;18;403;34;77;594;718;1532;20111031
AT1;AT13;AT130;91200;91210;5151;4434;717;717;1912;1284;1187;51;606;532;3795;218;445;830;3578;298;895;1198;2117;798;143;5003;148;5004;147;5011;140;5146;5;4807;110;94;140;884;100;4040;13;114;1996;921;2118;116;412;488;723;1011;119;288;227;911;972;918;126;178;773;1303;1853;20111031
AT1;AT13;AT130;91200;91211;5376;4542;834;834;2106;1353;1034;49;388;1194;3440;354;376;663;3930;407;619;990;2447;1063;257;5213;163;5284;92;5219;157;5362;14;5070;109;40;157;758;156;4352;13;97;2870;709;1419;378;1058;868;774;638;478;615;633;206;106;784;164;409;1751;1738;530;20111031
AT1;AT13;AT130;91300;91301;340;246;94;94;122;71;52;1;4;24;271;41;19;28;258;35;29;50;119;92;50;328;12;331;9;327;13;340;0;316;9;2;13;5;8;291;0;36;84;256;0;0;227;62;8;26;0;0;7;0;10;7;12;122;107;65;27;20111031
AT1;AT13;AT130;91300;91302;3789;2943;846;846;1337;820;742;44;418;1100;1862;409;257;342;2319;871;376;479;1021;930;983;3702;87;3740;49;3730;59;3785;4;3633;70;27;59;206;220;3232;10;121;3055;271;162;301;1512;348;502;652;335;234;84;71;51;241;250;704;1491;924;179;20111031
AT1;AT13;AT130;91300;91303;5703;4573;1130;1130;2278;1341;907;47;181;1423;3540;559;495;805;4051;352;915;1073;2272;1169;274;5562;141;5641;62;5610;93;5701;2;5476;105;29;93;92;64;5253;188;106;3432;611;707;953;1110;296;1346;918;629;799;328;121;156;106;72;285;1783;2393;1064;20111031
AT1;AT13;AT130;91300;91304;5989;4831;1158;1158;2239;1384;1144;64;946;1754;2744;545;481;690;3983;835;818;1023;1965;1338;845;5852;137;5865;124;5903;86;5983;6;5694;110;99;86;811;262;4801;18;97;4356;469;819;345;1235;441;1273;1051;839;573;350;107;120;844;272;727;2118;1645;383;20111031
AT1;AT13;AT130;91300;91305;2765;2032;733;733;861;633;523;15;950;616;1006;193;294;334;1654;483;458;572;778;507;450;2690;75;2695;70;2715;50;2763;2;2597;67;51;50;1002;154;1588;10;11;1958;405;312;90;175;494;816;509;316;151;119;100;85;1015;154;285;762;486;63;20111031
AT1;AT13;AT130;91300;91306;1572;1295;277;277;618;378;283;16;240;469;720;143;89;200;1044;239;159;282;580;340;211;1537;35;1558;14;1552;20;1570;2;1518;28;6;20;196;98;1245;1;32;1099;24;336;113;255;138;125;244;298;170;210;84;48;211;102;122;474;534;129;20111031
AT1;AT13;AT130;91300;91307;1786;1601;185;185;745;494;335;27;259;172;1263;92;121;182;1297;186;170;410;774;287;145;1741;45;1776;10;1776;10;1786;0;1724;43;9;10;256;80;1438;5;7;743;668;275;100;188;125;531;726;59;16;28;22;91;262;82;67;1035;340;0;20111031
AT1;AT13;AT130;91300;91308;4088;3252;836;836;1569;983;668;32;573;839;2280;396;479;573;2629;407;714;842;1460;710;362;4010;78;4030;58;4009;79;4084;4;3905;67;37;79;574;124;3311;33;46;2197;1024;600;267;571;322;748;782;833;230;339;105;158;593;132;411;1170;1323;459;20111031
AT1;AT13;AT130;91300;91309;2750;2189;561;561;1030;670;465;24;76;117;2166;391;581;385;1631;153;854;700;889;243;64;2660;90;2669;81;2741;9;2749;1;2585;76;80;9;938;46;1754;9;3;329;2116;300;5;24;1368;578;237;162;356;20;3;2;944;46;233;890;235;402;20111031
AT1;AT13;AT130;91300;91310;175;32;143;143;9;10;13;0;135;0;9;31;26;53;90;6;130;9;21;11;4;172;3;175;0;174;1;175;0;171;3;0;1;140;4;25;0;6;135;39;0;1;21;6;73;26;5;32;8;2;2;141;4;24;6;0;0;20111031
AT1;AT13;AT130;91300;91311;2378;1909;469;469;642;634;599;34;1727;152;289;210;108;94;1385;791;129;197;540;759;753;2288;90;2327;51;2351;27;2376;2;2232;75;44;27;1817;272;274;0;15;2253;23;48;54;16;770;294;370;344;225;181;101;77;1827;274;189;48;40;0;20111031
AT1;AT13;AT130;91400;91401;4157;3524;633;633;1706;1059;727;32;151;959;2766;281;494;628;2748;287;938;896;1690;533;100;3910;247;3928;229;3615;542;4139;18;3455;101;59;542;75;36;3995;0;51;2780;278;616;483;1971;194;304;367;442;295;187;343;54;88;46;119;669;1653;1582;20111031
AT1;AT13;AT130;91400;91402;5000;4209;791;791;2089;1106;948;66;124;374;4228;274;924;1119;2804;153;1885;1245;1420;386;64;4465;535;4554;446;3918;1082;4969;31;3528;224;166;1082;9;18;4915;0;58;3417;1040;335;208;3251;867;151;62;85;227;159;183;15;13;26;64;320;2533;2044;20111031
AT1;AT13;AT130;91400;91403;5389;4476;913;913;2196;1257;965;58;252;1112;3580;445;563;829;3602;395;1123;975;1860;1079;352;5108;281;5154;235;5144;245;5381;8;4800;183;161;245;49;82;5131;2;125;3514;1094;486;295;2090;1206;473;591;572;116;256;37;48;63;96;357;1562;2524;787;20111031
AT1;AT13;AT130;91400;91404;10944;9787;1157;1157;4704;2869;2122;92;131;1568;8749;496;1461;1992;7250;241;2873;2715;4189;1088;79;10324;620;10445;499;9919;1025;10902;42;9390;328;201;1025;11;14;10824;3;92;4661;2905;2326;1052;3320;1346;1271;1139;988;1469;932;303;176;23;22;73;646;4943;5237;20111031
AT1;AT13;AT130;91400;91405;2670;2067;603;603;891;659;496;21;802;51;1580;237;390;392;1683;205;799;414;941;379;137;2573;97;2527;143;2590;80;2665;5;2411;65;114;80;1377;90;1185;0;18;1034;918;504;214;168;1408;139;158;234;160;104;101;198;1388;94;35;256;499;398;20111031
AT1;AT13;AT130;91400;91406;6752;5971;781;781;2875;1771;1264;61;188;1279;4922;363;730;1110;4639;273;1399;1593;2679;945;136;6380;372;6492;260;6211;541;6717;35;5965;185;61;541;81;82;6535;9;45;3457;1156;1704;435;1760;327;551;1243;939;885;746;70;231;91;88;210;853;3207;2303;20111031
AT1;AT13;AT130;91400;91407;1544;1486;58;58;710;409;339;28;2;2;1498;42;167;389;955;33;309;870;335;23;7;1467;77;1522;22;1538;6;1544;0;1446;71;21;6;0;0;1544;0;0;0;1544;0;0;0;0;1544;0;0;0;0;0;0;0;0;42;562;940;0;20111031
AT1;AT13;AT130;91400;91408;2253;1899;354;354;833;592;447;27;535;198;1420;100;212;225;1555;261;315;497;834;417;190;2182;71;2221;32;2220;33;2252;1;2132;65;23;33;591;76;1571;0;15;1030;661;403;159;183;162;697;566;260;142;52;98;93;599;80;214;882;429;49;20111031
AT1;AT13;AT130;91400;91409;183;11;172;172;6;1;4;0;3;1;41;138;167;4;9;3;167;7;5;3;1;183;0;183;0;183;0;183;0;183;0;0;0;4;0;4;166;9;7;172;4;0;6;0;1;0;166;0;0;0;10;8;2;7;0;0;166;20111031
AT1;AT13;AT130;91400;91410;4751;3732;1019;1019;1726;1124;850;32;942;835;2685;289;566;740;3112;333;920;895;1685;1001;250;4554;197;4605;146;4656;95;4743;8;4385;157;114;95;942;78;3685;1;45;2738;871;748;394;881;525;584;852;892;479;230;101;207;952;90;256;1444;1345;664;20111031
AT1;AT13;AT130;91400;91411;4186;2803;1383;1383;907;953;892;51;3151;232;413;390;515;391;2326;954;768;326;970;1221;901;3840;346;3966;220;4102;84;4181;5;3629;281;192;84;3337;406;358;47;38;3945;58;96;87;44;1045;806;608;519;429;371;154;210;3353;412;253;94;27;47;20111031
AT1;AT13;AT130;91400;91412;3324;2561;763;763;949;832;735;45;1231;743;1127;223;173;319;2224;608;298;410;1012;1083;521;3050;274;3246;78;3241;83;3312;12;2984;209;48;83;1351;220;1676;2;75;2590;218;386;130;597;222;178;466;534;634;432;121;140;1385;240;464;795;353;87;20111031
AT1;AT13;AT130;91500;91501;6211;5530;681;681;2858;1457;1135;80;67;696;5123;325;773;1504;3688;246;1868;1719;2114;444;66;5838;373;5869;342;5760;451;6191;20;5336;219;205;451;3;2;6028;82;96;2898;1832;759;722;2155;1570;843;432;502;119;266;324;0;7;14;54;371;3187;2578;20111031
AT1;AT13;AT130;91500;91502;5661;4699;962;962;2257;1298;1059;85;175;472;4591;423;913;1363;3197;188;2026;1433;1558;536;108;5089;572;5132;529;4207;1454;5609;52;3933;179;95;1454;5;6;5505;27;118;4333;511;163;654;4623;241;5;96;178;147;249;22;100;14;12;78;667;2586;2304;20111031
AT1;AT13;AT130;91500;91503;6389;5370;1019;1019;2490;1398;1348;134;151;596;5115;527;734;1345;4080;230;1632;1570;2349;688;150;5832;557;5963;426;5127;1262;6328;61;4843;203;81;1262;9;12;6109;132;127;4638;726;298;727;4305;363;167;239;464;239;213;183;216;25;32;199;867;3470;1796;20111031
AT1;AT13;AT130;91500;91504;4278;3672;606;606;1776;956;857;83;83;419;3513;263;576;989;2597;116;1312;1073;1425;396;72;3881;397;3968;310;3448;830;4254;24;3197;175;76;830;8;2;4181;20;67;2668;686;289;635;2679;330;81;260;413;183;128;0;204;19;4;87;450;2285;1433;20111031
AT1;AT13;AT130;91500;91505;5874;4973;901;901;2261;1422;1168;122;148;854;4400;472;707;1087;3889;191;1406;1477;2196;699;96;5500;374;5584;290;5042;832;5837;37;4815;164;63;832;15;24;5699;80;56;3785;1438;331;320;2775;230;370;867;936;420;86;91;99;25;26;204;831;3176;1612;20111031
AT1;AT13;AT130;91500;91506;8237;7046;1191;1191;3439;1845;1645;117;159;896;6631;551;1501;1827;4719;190;2873;2240;2525;503;96;7302;935;7564;673;6281;1956;8154;83;5805;365;111;1956;7;4;8182;14;30;6014;1005;546;672;5325;430;684;267;700;349;312;77;93;12;6;112;731;3938;3438;20111031
AT1;AT13;AT130;91500;91507;4815;4324;491;491;2208;1245;820;51;97;178;4332;208;515;1062;3126;112;1377;1575;1416;400;47;4557;258;4524;291;4360;455;4806;9;4081;121;158;455;38;10;4761;4;2;1692;2184;673;266;1445;1791;449;449;163;205;266;22;25;40;14;40;647;2372;1702;20111031
AT1;AT13;AT130;91600;91601;8191;6787;1404;1404;3380;1760;1511;136;222;1677;5591;701;1177;1778;5025;211;2385;2175;2784;733;114;7477;714;7651;540;6687;1504;8112;79;6302;277;108;1504;13;20;7975;5;178;6714;503;477;497;4780;267;785;992;766;335;172;42;52;23;26;244;1516;4334;2048;20111031
AT1;AT13;AT130;91600;91602;4574;3883;691;691;1818;1053;914;98;147;425;3656;346;972;914;2542;146;1749;1096;1295;357;77;3961;613;4087;487;3166;1408;4518;56;2901;193;72;1408;1;10;4463;26;74;3600;299;190;485;3660;101;112;159;127;183;103;74;55;8;18;115;664;2242;1527;20111031
AT1;AT13;AT130;91600;91603;7101;6240;861;861;3043;1780;1297;120;53;500;5835;713;1147;1502;4361;91;2061;2258;2364;368;50;6810;291;6798;303;6565;536;7080;21;6241;161;163;536;6;8;7006;22;59;1701;3825;1183;392;1519;1497;1955;661;510;151;675;75;58;13;12;33;405;4314;2324;20111031
AT1;AT13;AT130;91600;91604;4744;4089;655;655;1971;1133;922;63;93;803;3556;292;671;871;3061;141;1175;1157;1855;491;66;4440;304;4510;234;4160;584;4712;32;4001;114;45;584;10;10;4682;0;42;2880;634;844;386;1861;54;314;725;528;646;304;147;165;19;18;90;544;2540;1533;20111031
AT1;AT13;AT130;91600;91605;8956;7693;1263;1263;3757;2092;1745;99;264;1279;6716;697;1568;1636;5521;231;2791;2196;3046;816;107;8171;785;8298;658;7130;1826;8885;71;6712;274;144;1826;13;30;8634;9;270;5714;723;1677;842;4760;736;467;519;939;571;384;460;120;29;56;263;969;3630;4009;20111031
AT1;AT13;AT130;91600;91606;5749;5137;612;612;2496;1381;1157;103;103;744;4628;274;699;1357;3489;204;1803;1192;1948;707;99;5462;287;5410;339;5191;558;5732;17;4910;106;175;558;36;26;5650;14;23;2249;2911;255;334;1425;1810;162;1081;63;708;214;168;118;47;32;98;914;3198;1460;20111031
AT1;AT13;AT130;91600;91607;6117;5155;962;962;2494;1527;1073;61;87;530;5257;243;853;1225;3885;154;1716;1483;2126;749;43;5675;442;5672;445;5276;841;6089;28;4966;174;136;841;21;4;6070;0;22;2839;1319;1381;578;2393;471;1065;375;818;229;253;168;345;27;6;43;594;2726;2721;20111031
AT1;AT13;AT130;91600;91608;2585;1722;863;863;791;580;337;14;913;66;1378;228;544;375;1552;114;912;617;757;223;76;2536;49;2479;106;2556;29;2580;5;2431;36;89;29;1245;36;1116;178;10;1075;941;533;36;210;584;473;581;281;139;87;45;185;1253;38;37;283;385;589;20111031
AT1;AT13;AT130;91600;91609;3273;2581;692;692;1134;836;591;20;822;577;1633;241;294;345;2243;391;469;542;1137;713;412;3204;69;3221;52;3252;21;3270;3;3157;56;39;21;864;172;2223;1;13;1871;48;1232;122;243;291;543;852;224;392;408;163;157;871;176;591;957;554;124;20111031
AT1;AT13;AT130;91600;91610;6049;4968;1081;1081;2343;1288;1230;107;129;383;5146;391;1547;1302;3065;135;2832;1419;1425;309;64;5189;860;5291;758;3893;2156;5945;104;3536;248;109;2156;2;6;5963;7;71;4588;738;185;538;4764;676;182;0;250;108;59;10;0;8;10;63;755;2926;2287;20111031
AT1;AT13;AT130;91700;91701;6457;5248;1209;1209;2559;1466;1146;77;293;839;4909;416;1060;1258;3834;305;2111;1470;2026;722;128;5739;718;5930;527;4955;1502;6386;71;4614;260;81;1502;24;34;6310;17;72;5127;251;641;438;4232;177;323;263;620;468;169;143;62;44;42;329;1050;2925;2067;20111031
AT1;AT13;AT130;91700;91702;8344;6808;1536;1536;3267;1852;1574;115;271;1326;6157;590;1108;1726;5191;319;2149;2151;2996;860;188;7664;680;7882;462;7195;1149;8272;72;6722;330;143;1149;23;56;8122;24;119;6328;1141;386;489;4281;453;796;724;929;696;252;120;93;41;80;354;1274;4595;2000;20111031
AT1;AT13;AT130;91700;91703;10200;8447;1753;1753;4074;2335;1907;131;224;1400;7976;600;1437;2000;6376;387;2952;2561;3562;996;129;9409;791;9545;655;8607;1593;10143;57;8071;328;208;1593;12;22;9867;70;229;5782;1930;1214;1274;4790;1425;669;867;840;703;299;497;110;30;28;236;1456;5133;3317;20111031
AT1;AT13;AT130;91700;91704;2300;1642;658;658;673;545;401;23;883;213;1000;204;385;286;1330;299;497;335;738;455;275;2213;87;2209;91;2238;62;2294;6;2109;66;63;62;930;100;1242;3;25;1556;541;57;146;175;331;286;323;202;398;249;131;205;938;108;283;289;397;285;20111031
AT1;AT13;AT130;91700;91705;3918;2820;1098;1098;1182;838;751;49;1330;758;1607;223;438;493;2425;562;713;701;1215;784;505;3732;186;3758;160;3836;82;3911;7;3570;143;123;82;1500;136;2249;0;33;2576;766;430;146;430;525;820;769;418;326;334;174;122;1511;140;303;948;851;165;20111031
AT1;AT13;AT130;91700;91706;1627;1135;492;492;482;337;307;9;598;346;584;99;335;221;869;202;470;251;374;342;190;1532;95;1563;64;1589;38;1623;4;1463;80;46;38;671;40;813;84;19;1141;228;86;172;201;170;399;178;302;148;149;39;41;675;42;92;430;254;134;20111031
AT1;AT13;AT130;91800;91801;1278;971;307;307;448;284;223;16;187;457;490;144;32;99;871;276;57;128;371;372;350;1255;23;1262;16;1251;27;1277;1;1226;15;10;27;73;80;1110;1;14;1162;43;3;70;476;62;262;208;111;85;42;32;0;81;84;325;434;354;0;20111031
AT1;AT13;AT130;91800;91802;8783;6922;1861;1861;3399;1926;1539;58;280;1243;6550;710;706;1384;5931;762;1525;1660;3075;1939;584;8155;628;8280;503;7871;912;8743;40;7281;342;248;912;18;28;8515;152;70;6553;970;222;1038;6248;779;335;550;400;192;79;105;95;29;38;298;1718;4606;2094;20111031
AT1;AT13;AT130;91800;91803;9645;7669;1976;1976;3961;2047;1570;91;319;1451;7037;838;1321;1918;6005;401;2611;2574;3149;1039;272;8854;791;9015;630;8099;1546;9570;75;7568;347;184;1546;14;30;9369;53;179;7071;1248;357;969;5828;928;761;541;673;418;143;291;62;32;52;366;2001;5361;1833;20111031
AT1;AT13;AT130;91800;91804;6041;4820;1221;1221;2515;1268;994;43;435;996;4164;446;519;1008;3996;518;1156;1313;1990;1149;433;5776;265;5797;244;5769;272;6034;7;5428;178;163;272;151;166;5645;4;75;3886;1262;445;448;2658;881;988;501;416;198;215;149;35;168;176;611;2079;2516;491;20111031
AT1;AT13;AT130;91800;91805;5157;3950;1207;1207;1645;1128;1122;55;1090;1358;2261;448;297;515;3414;931;570;652;1600;1353;982;5038;119;5093;64;5104;53;5154;3;4964;99;41;53;1005;188;3906;7;51;3711;496;304;646;863;572;781;1010;771;441;353;135;231;1022;198;795;1799;993;350;20111031
AT1;AT13;AT130;91900;91901;3592;2859;733;733;1320;837;670;32;650;776;1837;329;280;471;2349;492;451;826;966;801;548;3429;163;3512;80;3489;103;3581;11;3332;115;42;103;575;248;2609;17;143;2376;668;313;235;817;160;744;503;640;272;184;134;138;603;268;466;1180;827;248;20111031
AT1;AT13;AT130;91900;91902;5647;4946;701;701;2410;1575;894;67;47;696;4557;347;642;937;3940;128;1206;1839;2125;430;47;5432;215;5452;195;5422;225;5636;11;5174;124;124;225;13;4;5601;5;24;1886;2495;932;334;753;1583;1265;645;885;488;5;4;19;16;6;42;376;2975;2232;20111031
AT1;AT13;AT130;91900;91903;246;183;63;63;127;38;18;0;9;41;171;25;122;34;85;5;123;31;76;14;2;246;0;246;0;246;0;246;0;246;0;0;0;4;0;129;110;3;56;3;110;77;5;1;1;0;1;0;238;0;0;7;0;3;0;0;236;20111031
AT1;AT13;AT130;91900;91904;8512;6905;1607;1607;3554;1882;1385;84;210;1688;5887;727;811;1442;5634;625;1613;1748;3094;1501;556;8136;376;8284;228;8176;336;8501;11;7773;264;139;336;51;50;8284;30;97;4965;2021;444;1082;2880;1073;1809;1107;512;491;372;205;63;68;62;284;1590;4541;1967;20111031
AT1;AT13;AT130;91900;91905;4143;3464;679;679;1677;964;769;54;316;948;2593;286;408;549;2619;567;669;952;1188;762;572;4055;88;4106;37;4116;27;4139;4;4011;80;25;27;287;92;3674;17;73;2254;1305;296;288;536;376;1693;437;423;130;197;156;195;305;102;407;1820;1253;256;20111031
AT1;AT13;AT130;91900;91906;2894;2294;600;600;1013;640;598;43;633;737;1223;301;158;223;1864;649;243;289;846;771;745;2842;52;2852;42;2860;34;2890;4;2787;46;27;34;719;178;1916;7;74;2161;160;317;256;473;335;472;959;260;157;103;68;67;744;192;630;921;362;45;20111031
AT1;AT13;AT130;91900;91907;1717;1351;366;366;567;401;357;26;332;479;734;172;131;138;1130;318;177;229;527;418;366;1675;42;1697;20;1699;18;1716;1;1655;33;11;18;269;156;1228;3;61;1317;134;191;75;402;82;86;538;213;115;188;25;68;285;166;336;696;234;0;20111031
AT1;AT13;AT130;91900;91908;7688;6590;1098;1098;3375;1815;1336;64;218;1459;5351;660;742;1412;5165;369;1461;1819;3059;1113;236;7487;201;7491;197;7443;245;7683;5;7172;147;124;245;80;58;7336;124;90;3784;2673;797;434;1430;725;1210;1882;648;1041;502;158;92;92;64;246;1876;3757;1653;20111031
AT1;AT13;AT130;91900;91909;2382;1767;615;615;820;479;436;32;198;750;1216;218;245;220;1422;495;325;284;630;519;624;2349;33;2369;13;2351;31;2381;1;2317;29;5;31;95;108;2128;2;49;1923;217;90;152;792;186;445;451;200;57;67;80;104;106;116;431;806;651;272;20111031
AT1;AT13;AT130;91900;91910;5089;3888;1201;1201;1601;1217;1015;55;1099;955;2480;555;451;525;3360;753;637;925;1668;1077;782;4934;155;4985;104;5035;54;5082;7;4834;120;81;54;1548;242;3086;107;106;2777;1252;722;338;297;635;456;1495;728;571;349;314;244;1573;254;609;1519;1022;112;20111031
AT1;AT13;AT130;92000;92001;4098;3959;139;139;1791;1051;1043;74;15;89;3893;101;404;1088;2555;51;1080;1313;1190;508;7;4028;70;3938;160;3992;106;4096;2;3816;51;125;106;7;2;4085;0;4;791;2823;288;196;239;1317;1197;262;2;1;590;219;271;9;4;4;19;1845;2217;20111031
AT1;AT13;AT130;92000;92002;8521;7440;1081;1081;3622;1966;1707;145;106;1044;6918;453;1383;2139;4838;161;3017;2118;2699;635;52;7864;657;7904;617;7129;1392;8469;52;6652;256;221;1392;2;0;8463;10;46;4227;2041;1496;757;3143;1614;790;841;724;130;602;54;623;11;4;8;74;2160;6264;20111031
AT1;AT13;AT130;92000;92003;7673;6397;1276;1276;2927;1802;1523;145;157;1467;5515;534;1041;1543;4891;198;2136;2004;2618;822;93;6907;766;7228;445;6366;1307;7634;39;5936;308;122;1307;7;10;7634;11;11;5811;708;469;685;4582;216;626;527;683;644;193;12;190;17;12;15;341;2337;4951;20111031
AT1;AT13;AT130;92000;92004;4696;3972;724;724;1751;1126;1007;88;22;561;3968;145;614;942;3073;67;1090;1052;1880;658;16;4605;91;4644;52;4516;180;4692;4;4457;46;13;180;8;2;4207;454;25;951;1734;1342;669;417;107;639;1030;1231;237;755;171;109;12;2;4;48;1202;3428;20111031
AT1;AT13;AT130;92000;92005;6398;5376;1022;1022;2522;1465;1279;110;126;797;5018;457;974;1290;3987;147;1992;1645;2267;430;64;5684;714;5869;529;5151;1247;6336;62;4671;349;131;1247;5;2;6371;6;14;4732;1011;169;486;4258;235;376;879;240;40;304;50;16;9;4;58;518;2613;3196;20111031
AT1;AT13;AT130;92000;92006;4666;4195;471;471;1944;1282;874;95;25;748;3579;314;508;855;3237;66;1000;1543;1856;257;10;4448;218;4525;141;4342;324;4651;15;4179;112;51;324;3;0;4649;0;14;1742;2455;315;154;686;310;903;2158;129;158;154;105;63;6;4;3;71;1829;2753;20111031
AT1;AT13;AT130;92000;92007;6762;6243;519;519;2779;1856;1464;144;44;759;5681;278;597;1271;4819;75;1234;2238;2704;566;20;6521;241;6471;291;6408;354;6752;10;6075;149;184;354;7;0;6745;2;8;2089;2831;1299;543;975;1303;625;1539;812;218;647;37;606;13;4;9;137;3116;3483;20111031
AT1;AT13;AT130;92000;92008;3179;2760;419;419;1275;853;582;50;38;731;2207;203;382;617;2110;70;821;709;1359;268;22;2979;200;3056;123;2799;380;3168;11;2705;77;17;380;1;2;3172;0;4;2040;30;1027;82;1269;72;0;772;662;236;1;26;141;5;2;7;23;553;2589;20111031
AT1;AT13;AT130;92100;92101;720;540;180;180;160;170;196;14;469;47;152;52;84;49;447;140;69;73;193;239;146;670;50;696;24;694;26;717;3;659;26;9;26;491;86;118;0;25;596;49;66;9;178;65;79;62;38;56;153;39;50;509;90;40;51;30;0;20111031
AT1;AT13;AT130;92100;92102;3338;3105;233;233;1090;914;1049;52;619;272;2332;115;151;370;2392;425;218;408;1484;1004;224;3271;67;3310;28;3276;62;3334;4;3222;42;12;62;791;96;2414;1;36;1241;527;1554;16;310;160;118;101;90;59;2050;210;240;808;100;106;508;577;1239;20111031
AT1;AT13;AT130;92100;92103;2439;2258;181;181;569;793;863;33;311;14;2060;54;64;183;1833;359;107;154;981;1069;128;2422;17;2429;10;2436;3;2439;0;2409;17;10;3;717;140;1566;4;12;415;1009;1013;2;2;31;56;84;80;1354;747;31;54;723;144;185;631;348;408;20111031
AT1;AT13;AT130;92100;92104;2189;1767;422;422;569;648;516;34;1056;63;948;122;199;173;1452;365;265;272;785;650;217;2129;60;2121;68;2174;15;2188;1;2057;56;61;15;1337;112;736;0;4;1265;520;366;38;5;246;137;855;263;172;197;153;161;1339;114;72;378;286;0;20111031
AT1;AT13;AT130;92100;92105;8043;7605;438;438;2536;2557;2207;305;701;379;6800;163;351;518;6674;500;497;939;4689;1737;181;7975;68;8022;21;8030;13;8039;4;7955;59;16;13;1120;70;6838;2;13;1207;5891;921;24;11;105;117;2781;3759;746;149;191;184;1129;76;50;708;2391;3689;20111031
AT1;AT13;AT130;92100;92106;475;382;93;93;143;118;115;6;199;79;151;46;37;56;305;77;83;58;146;136;52;449;26;459;16;447;28;474;1;426;15;6;28;178;40;235;0;22;437;7;24;7;147;22;39;59;107;6;29;52;14;191;46;52;95;91;0;20111031
AT1;AT13;AT130;92100;92107;1875;1638;237;237;728;516;375;19;274;338;1174;89;201;315;1260;99;308;374;809;310;74;1809;66;1842;33;1803;72;1869;6;1744;44;15;72;310;24;1524;1;16;1062;270;485;58;253;78;179;336;329;78;209;168;245;318;26;38;396;334;763;20111031
AT1;AT13;AT130;92100;92108;1547;1205;342;342;420;465;293;27;487;45;962;53;178;208;1117;44;287;348;658;235;19;1538;9;1521;26;1526;21;1546;1;1499;7;20;21;611;10;912;0;14;687;664;187;9;56;10;11;136;601;301;300;25;107;613;14;8;202;619;91;20111031
AT1;AT13;AT130;92100;92109;3445;3197;248;248;1171;1104;872;50;690;150;2459;146;268;336;2428;413;251;667;957;1284;286;3384;61;3409;36;3408;37;3445;0;3329;52;27;37;827;134;2475;1;8;1000;2372;9;64;75;383;134;952;288;1515;50;26;22;836;134;21;533;984;937;20111031
AT1;AT13;AT130;92100;92110;3262;2878;384;384;1666;726;453;33;295;64;2787;116;835;970;1404;53;1662;544;843;190;23;3180;82;2932;330;3152;110;3256;6;2807;52;293;110;365;52;2833;0;12;493;2312;427;30;119;427;1976;141;366;77;42;44;70;371;54;134;1661;649;393;20111031
AT1;AT13;AT130;92100;92111;2261;2046;215;215;812;545;649;40;177;317;1679;88;97;297;1729;138;184;346;1207;437;87;2227;34;2223;38;2191;70;2258;3;2169;13;9;70;158;50;2020;3;30;686;462;861;252;207;37;160;114;112;70;1161;184;216;177;58;101;294;668;963;20111031
AT1;AT13;AT130;92100;92112;3104;2856;248;248;808;829;1117;102;458;56;2496;94;128;256;2538;182;254;392;1787;575;96;3076;28;3058;46;3066;38;3099;5;3017;18;31;38;535;48;2516;0;5;734;2035;332;3;147;300;47;373;1461;51;175;247;303;538;50;104;400;540;1472;20111031
AT1;AT13;AT130;92100;92113;2278;2071;207;207;718;648;687;18;585;214;1376;103;45;246;1777;210;66;256;928;795;233;2233;45;2263;15;2262;16;2277;1;2217;36;9;16;591;118;1547;1;21;1163;169;884;62;205;88;55;110;227;67;266;166;1094;602;126;245;263;561;481;20111031
AT1;AT13;AT130;92100;92114;2820;2663;157;157;1339;813;467;44;154;69;2476;121;250;425;2058;87;489;1085;1052;133;61;2618;202;2810;10;2806;14;2820;0;2599;199;8;14;162;30;2616;0;12;372;2025;304;119;44;42;1041;785;811;71;13;5;8;166;38;72;1810;601;133;20111031
AT1;AT13;AT130;92100;92115;2244;2098;146;146;882;684;505;27;176;150;1853;65;114;194;1779;157;152;458;1184;396;54;2218;26;2228;16;2226;18;2243;1;2203;17;6;18;201;52;1986;0;5;684;1051;497;12;62;51;74;1071;56;41;163;331;395;206;52;45;281;608;1052;20111031
AT1;AT13;AT130;92100;92116;1775;1533;242;242;504;590;419;20;982;183;487;123;69;79;1307;320;92;115;666;614;288;1693;82;1743;32;1754;21;1769;6;1669;68;17;21;1124;128;505;0;18;1339;59;367;10;45;252;154;167;326;499;194;87;51;1130;128;87;275;155;0;20111031
AT1;AT13;AT130;92100;92117;3932;3437;495;495;1714;1036;633;54;229;87;3490;126;554;775;2554;49;1142;1505;1139;120;26;3830;102;3721;211;3865;67;3928;4;3592;83;190;67;270;18;3637;0;7;549;3149;208;26;90;1231;1304;980;67;112;105;26;17;272;18;109;723;2530;280;20111031
AT1;AT13;AT130;92100;92118;4083;3540;543;543;1636;1073;784;47;154;610;3060;259;512;755;2663;153;1053;946;1579;404;101;3894;189;3877;206;3654;429;4051;32;3498;89;67;429;45;42;3961;2;33;2048;842;1041;152;1223;335;594;863;262;418;123;37;228;57;50;212;989;2297;478;20111031
AT1;AT13;AT130;92100;92119;1647;1434;213;213;598;455;345;36;169;101;1268;109;132;201;1257;57;222;217;868;304;36;1581;66;1592;55;1554;93;1647;0;1503;26;25;93;199;20;1412;4;12;592;362;687;6;238;115;37;249;58;743;12;46;149;202;20;82;234;432;677;20111031
AT1;AT13;AT130;92100;92120;898;828;70;70;394;224;204;6;18;89;762;29;72;206;604;16;172;200;454;61;11;883;15;876;22;842;56;895;3;828;9;5;56;9;10;867;0;12;325;24;55;494;357;6;17;85;1;1;222;71;138;14;12;9;41;319;503;20111031
AT1;AT13;AT130;92100;92121;3981;3442;539;539;1860;908;621;53;50;455;3192;284;510;1051;2348;72;1383;1067;1283;206;42;3771;210;3699;282;3657;324;3972;9;3386;100;171;324;19;10;3928;0;24;1311;1708;802;160;1009;1334;639;641;141;35;118;2;62;24;14;32;424;2128;1359;20111031
AT1;AT13;AT130;92100;92122;5027;4257;770;770;1950;1397;852;58;321;1014;3347;345;432;723;3710;162;769;1084;2192;854;128;4884;143;4873;154;4764;263;5013;14;4618;86;60;263;267;20;4578;25;137;2421;826;1561;219;847;155;864;981;900;911;73;199;97;280;32;122;553;2306;1734;20111031
AT1;AT13;AT130;92100;92123;6228;5276;952;952;2566;1600;1041;69;169;1957;3570;532;636;1046;4375;171;1146;1611;2803;573;95;5992;236;6035;193;5782;446;6203;25;5623;119;40;446;35;42;6030;48;73;4206;763;791;468;1249;141;815;1577;1264;325;380;164;313;46;52;117;721;3214;2078;20111031
AT1;AT13;AT130;92100;92124;1909;1717;192;192;674;589;436;18;305;264;1260;80;120;215;1475;99;180;282;969;396;82;1875;34;1888;21;1882;27;1909;0;1842;25;15;27;345;42;1441;66;15;820;309;682;98;91;80;48;54;382;634;133;107;380;407;44;32;112;510;804;20111031
AT1;AT13;AT130;92100;92125;2146;1992;154;154;689;594;670;39;310;317;1459;60;79;293;1635;139;124;264;1040;616;102;2088;58;2121;25;2130;16;2141;5;2070;41;19;16;375;46;1666;1;58;780;484;782;100;46;206;72;29;19;22;1025;234;493;380;46;61;305;627;727;20111031
AT1;AT13;AT130;92100;92126;4018;3515;503;503;1641;1057;789;28;89;361;3436;132;379;588;2798;253;760;1160;1594;458;46;3928;90;3871;147;3977;41;4015;3;3787;52;138;41;47;28;3786;135;22;810;1632;991;585;237;1133;108;432;306;468;677;535;122;59;36;86;339;2128;1370;20111031
AT1;AT13;AT130;92100;92127;891;645;246;246;223;212;195;15;683;44;91;73;84;58;566;183;107;80;226;286;192;823;68;853;38;866;25;887;4;799;45;22;25;694;122;66;1;8;817;39;4;31;21;142;178;115;96;101;93;78;67;701;124;66;0;0;0;20111031
AT1;AT13;AT130;92100;92128;169;138;31;31;65;40;27;6;23;1;142;3;24;47;95;3;75;41;45;6;2;149;20;162;7;139;30;169;0;132;5;2;30;15;0;153;0;1;152;2;14;1;65;74;0;0;0;15;3;4;8;16;0;0;0;61;92;20111031
AT1;AT13;AT130;92100;92129;230;82;148;148;18;34;30;0;185;1;24;20;155;19;51;5;174;4;45;5;2;230;0;204;26;205;25;230;0;184;0;21;25;230;0;0;0;0;216;11;1;2;0;2;16;26;11;6;0;33;136;230;0;0;0;0;0;20111031
AT1;AT13;AT130;92100;92130;16;5;11;11;4;0;1;0;7;0;4;5;3;1;11;1;3;1;6;5;1;16;0;16;0;15;1;16;0;15;0;0;1;0;2;4;0;10;10;0;0;6;7;0;0;1;5;2;1;0;0;8;4;4;0;0;0;20111031
AT1;AT13;AT130;92200;92201;972;850;122;122;246;280;308;16;521;139;259;53;27;47;709;189;25;134;194;473;146;900;72;960;12;961;11;968;4;895;60;6;11;642;54;261;0;15;766;48;151;7;70;129;47;81;55;112;250;108;120;650;58;107;17;24;116;20111031
AT1;AT13;AT130;92200;92202;1806;1613;193;193;331;441;794;47;975;65;697;69;76;111;1221;398;132;151;588;742;193;1743;63;1801;5;1801;5;1804;2;1741;57;3;5;1219;58;514;2;13;1341;67;382;16;57;42;60;65;54;170;200;308;850;1227;62;91;98;206;122;20111031
AT1;AT13;AT130;92200;92203;847;598;249;249;174;232;187;5;691;35;62;59;65;68;567;147;93;111;228;286;129;768;79;828;19;840;7;841;6;758;69;13;7;784;30;25;1;7;815;8;4;20;6;52;85;98;127;178;167;90;44;792;30;17;8;0;0;20111031
AT1;AT13;AT130;92200;92204;2012;1676;336;336;510;556;582;28;1173;43;714;82;122;169;1411;310;155;182;777;664;234;1912;100;1979;33;1995;17;2005;7;1891;80;24;17;1282;50;666;1;13;1311;17;666;18;8;148;96;145;235;235;735;215;195;1296;50;19;233;376;38;20111031
AT1;AT13;AT130;92200;92205;2428;2188;240;240;663;713;777;35;942;241;1161;84;73;229;1843;283;157;202;1064;847;158;2388;40;2423;5;2427;1;2428;0;2386;37;4;1;1382;60;978;0;8;1316;38;1040;34;9;155;20;47;84;172;1468;213;260;1390;60;98;483;397;0;20111031
AT1;AT13;AT130;92200;92206;4756;4607;149;149;1336;1467;1650;154;737;49;3870;100;156;268;3917;415;214;363;2635;1401;143;4687;69;4740;16;4748;8;4756;0;4677;62;9;8;1205;40;3504;0;7;810;2939;531;476;24;250;389;120;2224;1004;321;288;136;1210;42;278;661;622;1943;20111031
AT1;AT13;AT130;92200;92207;2218;2006;212;212;590;683;702;31;822;229;1061;106;45;125;1589;459;64;202;827;872;253;2120;98;2206;12;2215;3;2216;2;2114;92;9;3;1184;124;900;0;10;1197;56;948;17;9;180;85;182;306;149;916;112;279;1188;130;144;409;174;173;20111031
AT1;AT13;AT130;92200;92208;7101;6614;487;487;2178;2028;2215;193;536;521;5839;205;364;751;5629;357;558;964;4005;1445;129;7020;81;7070;31;7065;36;7094;7;6986;61;18;36;796;76;6159;0;70;1772;2725;2543;61;103;128;186;469;3179;1673;217;125;1021;823;96;148;354;651;5029;20111031
AT1;AT13;AT130;92200;92209;6611;6066;545;545;2311;1901;1726;128;498;467;5308;338;460;665;5170;316;593;1172;3750;915;181;6556;55;6572;39;6556;55;6607;4;6516;26;14;55;544;96;5772;185;14;1410;2945;1959;297;159;73;205;1841;1771;1013;1055;141;353;558;96;102;1145;2751;1959;20111031
AT1;AT13;AT130;92200;92210;3450;3127;323;323;1404;858;829;36;235;199;2804;212;132;427;2432;459;392;624;1678;643;113;3423;27;3443;7;3443;7;3446;4;3418;24;1;7;302;38;3099;1;10;435;657;1588;770;25;74;257;287;443;93;640;1139;492;311;40;23;178;468;2430;20111031
AT1;AT13;AT130;92200;92211;6821;5862;959;959;2883;1807;1124;48;321;981;5192;327;704;1278;4590;249;1649;1835;2620;615;102;6647;174;6619;202;6528;293;6812;9;6308;98;122;293;280;26;6482;1;32;2367;2246;1273;935;873;1302;722;870;983;398;998;477;198;290;36;54;332;3041;3068;20111031
AT1;AT13;AT130;92200;92212;1627;1360;267;267;435;420;445;60;534;58;964;71;98;140;1222;167;167;176;627;534;123;1549;78;1593;34;1570;57;1621;6;1496;52;22;57;555;76;984;0;12;768;555;297;7;206;168;77;64;635;45;290;50;92;559;78;41;40;62;847;20111031
AT1;AT13;AT130;92200;92213;3568;3333;235;235;1516;1058;716;43;30;468;2921;149;179;571;2740;78;541;773;1846;388;20;3531;37;3467;101;3494;74;3561;7;3403;19;72;74;6;8;3440;0;114;993;2024;477;74;248;502;39;1510;563;180;144;27;355;17;16;49;122;1321;2043;20111031
AT1;AT13;AT130;92200;92214;2436;2374;62;62;846;870;626;32;60;50;2292;34;50;192;2031;163;86;460;1406;428;56;2379;57;2417;19;2435;1;2436;0;2363;54;18;1;1461;6;963;0;6;275;775;1386;0;7;1202;340;352;22;148;5;8;352;1465;8;58;326;345;234;20111031
AT1;AT13;AT130;92200;92215;4380;4177;203;203;1727;1432;951;67;249;69;3913;149;257;355;3599;169;410;761;2765;326;118;4306;74;4335;45;4330;50;4375;5;4247;52;31;50;348;50;3966;0;16;514;2798;944;124;125;288;249;2866;345;160;259;16;72;358;52;88;1430;882;1570;20111031
AT1;AT13;AT130;92200;92216;590;544;46;46;189;234;113;8;63;6;494;27;8;40;521;21;24;175;320;57;14;574;16;588;2;583;7;588;2;571;12;0;7;81;4;499;0;6;108;281;189;12;14;19;35;277;149;16;14;27;39;84;4;10;187;98;207;20111031
AT1;AT13;AT130;92200;92217;1557;793;764;764;256;292;235;10;1208;79;191;79;263;259;936;99;452;238;446;343;78;1408;149;1448;109;1500;57;1547;10;1299;127;74;57;1379;22;147;0;9;1393;39;40;85;15;420;288;150;117;69;88;108;302;1386;24;6;7;29;105;20111031
AT1;AT13;AT130;92200;92218;2886;2787;99;99;1177;900;678;32;64;126;2648;48;153;382;2291;60;234;737;1445;447;23;2851;35;2881;5;2881;5;2884;2;2847;31;3;5;121;32;2730;2;1;369;1221;1292;4;8;8;62;1071;21;682;295;191;548;124;32;35;666;1167;862;20111031
AT1;AT13;AT130;92200;92219;3231;2837;394;394;1327;839;626;45;126;479;2421;205;324;563;2242;102;598;905;1323;337;68;3077;154;3126;105;2941;290;3217;14;2847;72;22;290;49;36;3095;0;51;1592;874;701;64;866;258;269;1083;157;140;146;9;303;66;44;134;430;1777;780;20111031
AT1;AT13;AT130;92200;92220;1280;1193;87;87;376;386;376;55;117;43;1074;46;66;68;971;175;86;101;717;314;62;1261;19;1269;11;1266;14;1279;1;1250;9;7;14;231;36;999;1;13;270;768;201;41;108;33;19;770;19;190;25;56;60;245;36;29;41;616;313;20111031
AT1;AT13;AT130;92200;92221;1003;896;107;107;348;281;254;13;442;62;432;67;34;179;632;158;37;92;410;323;141;969;34;995;8;1001;2;1003;0;960;33;8;2;489;68;438;0;8;745;17;237;4;7;97;97;137;62;51;43;27;482;491;74;28;67;43;300;20111031
AT1;AT13;AT130;92200;92222;3176;2491;685;685;842;711;900;38;52;8;2639;477;614;300;2115;147;642;315;1419;752;48;3149;27;3169;7;3174;2;3175;1;3144;24;6;2;749;16;2360;5;46;216;1264;1679;17;25;342;304;12;331;7;1754;77;324;754;16;171;238;592;1405;20111031
AT1;AT13;AT130;92200;92223;2125;1938;187;187;683;569;639;47;461;196;1381;87;99;268;1508;250;203;296;792;668;166;2071;54;2098;27;2069;56;2123;2;2023;34;12;56;735;54;1294;0;42;907;399;788;31;240;95;206;110;46;228;791;205;204;768;60;112;402;523;260;20111031
AT1;AT13;AT130;92200;92224;2662;2543;119;119;878;780;846;39;404;225;1988;45;47;289;2114;212;66;223;1253;1011;109;2618;44;2649;13;2654;8;2660;2;2609;35;10;8;1052;76;1522;5;7;845;205;1574;38;7;163;57;32;197;335;1331;21;519;1057;76;62;155;583;729;20111031
AT1;AT13;AT130;92200;92225;955;791;164;164;203;279;302;7;603;36;265;51;52;50;651;202;68;120;250;354;163;894;61;934;21;942;13;949;6;879;50;13;13;726;32;195;0;2;812;4;136;3;6;116;80;84;134;101;169;64;201;728;32;26;38;131;0;20111031
AT1;AT13;AT130;92200;92226;2014;1563;451;451;424;533;576;30;1478;128;286;122;111;127;1352;424;161;168;509;888;288;1794;220;1965;49;1970;44;1999;15;1764;181;25;44;1782;90;126;0;16;1774;23;160;57;8;197;325;200;200;166;528;182;208;1791;90;80;53;0;0;20111031
AT1;AT13;AT130;92200;92227;3064;2560;504;504;653;803;1066;38;1610;145;1205;104;185;269;2095;515;279;284;760;1355;386;2966;98;3036;28;3055;9;3060;4;2948;84;23;9;2243;102;703;1;15;1851;212;896;105;41;135;145;210;426;401;1002;366;338;2259;102;64;105;325;209;20111031
AT1;AT13;AT130;92200;92228;1664;1539;125;125;508;456;544;31;565;215;813;71;55;173;1209;227;106;192;576;595;195;1634;30;1653;11;1659;5;1664;0;1626;26;7;5;793;44;785;2;40;1011;97;524;32;37;123;145;90;92;118;427;234;398;810;50;99;401;256;48;20111031
AT1;AT13;AT130;92200;92229;1677;1430;247;247;396;511;491;32;1090;76;406;105;42;67;1168;400;38;81;512;725;321;1595;82;1661;16;1668;9;1675;2;1586;71;11;9;1285;84;297;2;9;1299;8;352;18;25;188;114;197;220;232;463;137;101;1294;86;35;182;80;0;20111031
AT1;AT13;AT130;92200;92230;14;7;7;7;3;2;2;0;3;1;4;6;0;1;12;1;2;2;5;4;1;14;0;14;0;14;0;14;0;14;0;0;0;3;2;7;0;2;8;6;0;0;0;0;4;1;0;0;2;6;1;5;2;7;0;0;0;20111031
AT1;AT13;AT130;92200;92231;83;38;45;45;13;15;9;1;61;5;11;6;11;4;68;0;16;9;21;25;12;83;0;81;2;82;1;83;0;81;0;1;1;75;4;0;0;4;69;8;2;4;2;10;1;11;6;14;2;2;35;75;8;0;0;0;0;20111031
AT1;AT13;AT130;92200;92232;2327;2053;274;274;936;514;565;38;48;854;1379;46;225;415;1638;49;201;451;1281;373;21;2304;23;2315;12;2325;2;2327;0;2291;22;12;2;127;4;2191;0;5;1107;37;1179;4;4;106;6;189;23;76;1784;132;7;130;6;0;0;17;2174;20111031
AT1;AT13;AT130;92300;92301;1269;1135;134;134;458;332;333;12;156;325;698;90;70;180;942;77;144;274;542;257;52;1223;46;1256;13;1240;29;1265;4;1203;35;2;29;141;42;1065;0;21;782;228;220;39;216;19;161;307;50;198;79;73;166;153;46;89;560;302;119;20111031
AT1;AT13;AT130;92300;92302;2412;2116;296;296;827;654;588;47;448;467;1323;174;151;364;1697;200;292;381;1075;491;173;2257;155;2326;86;2284;128;2386;26;2210;58;16;128;450;152;1729;1;80;1244;357;505;306;311;153;415;215;369;248;236;215;250;490;166;151;417;530;658;20111031
AT1;AT13;AT130;92300;92303;2303;1710;593;593;673;616;394;27;1357;67;737;142;294;267;1395;347;419;416;585;591;292;2239;64;2181;122;2291;12;2301;2;2114;60;117;12;1392;186;714;0;11;1613;253;422;15;12;273;671;625;224;217;163;69;49;1397;192;135;299;160;120;20111031
AT1;AT13;AT130;92300;92304;3678;3463;215;215;1396;999;1015;53;197;146;3189;146;234;349;2836;259;375;989;1805;450;59;3642;36;3662;16;3664;14;3675;3;3632;25;7;14;161;42;3398;66;11;501;1603;1253;321;151;40;83;1422;74;28;956;802;122;170;44;58;293;918;2195;20111031
AT1;AT13;AT130;92300;92305;4296;3919;377;377;1386;1268;1156;109;676;342;3050;228;179;411;3312;394;275;614;2253;945;209;4175;121;4203;93;4246;50;4286;10;4078;95;73;50;777;130;3317;0;72;1544;1208;1469;75;179;86;304;861;1449;470;469;376;102;796;138;312;763;1380;907;20111031
AT1;AT13;AT130;92300;92306;547;447;100;100;200;139;99;9;143;26;318;60;51;78;364;54;91;122;194;92;48;516;31;526;21;529;18;546;1;490;23;16;18;149;32;331;0;35;260;77;187;23;87;45;96;107;32;32;102;25;21;161;36;52;194;104;0;20111031
AT1;AT13;AT130;92300;92307;4735;4031;704;704;1697;1168;1089;77;379;647;3509;200;397;796;3316;226;856;963;2020;752;144;4514;221;4623;112;4518;217;4725;10;4385;102;31;217;390;118;4117;6;104;1739;1663;1087;246;879;214;534;666;439;473;773;540;217;416;134;254;1555;1160;1216;20111031
AT1;AT13;AT130;92300;92308;1917;1747;170;170;674;523;517;33;462;247;1115;93;87;167;1483;180;123;407;791;454;142;1877;40;1903;14;1889;28;1917;0;1844;36;9;28;448;98;1335;6;30;1027;661;193;36;70;191;100;716;129;51;258;299;103;456;104;68;244;770;275;20111031
AT1;AT13;AT130;92300;92309;3781;3098;683;683;1206;1066;780;46;1200;433;1882;266;386;404;2489;502;566;719;1388;734;374;3681;100;3677;104;3755;26;3777;4;3588;81;86;26;1308;166;2188;100;19;1886;1166;438;291;78;304;462;1324;778;453;232;62;88;1317;166;165;1025;411;697;20111031
AT1;AT13;AT130;92300;92310;2638;2473;165;165;946;913;575;39;214;291;2024;109;100;249;2093;196;166;569;1373;394;136;2603;35;2628;10;2605;33;2637;1;2586;18;1;33;245;36;2351;0;6;657;1353;416;212;117;62;82;1072;895;353;41;11;5;249;38;79;687;1373;212;20111031
AT1;AT13;AT130;92300;92311;4183;3685;498;498;1604;1186;860;35;164;943;2853;223;335;612;3033;203;547;871;1874;755;136;4068;115;4122;61;4050;133;4179;4;3980;49;21;133;107;50;3947;16;63;1936;759;1064;424;379;92;458;589;714;563;529;153;706;128;56;240;766;1782;1211;20111031
AT1;AT13;AT130;92300;92312;2816;2492;324;324;1016;727;686;63;458;513;1671;174;158;285;2023;350;379;446;1067;648;276;2739;77;2757;59;2778;38;2810;6;2684;54;40;38;533;140;2112;1;30;1272;1091;413;40;278;98;802;350;336;638;253;32;29;551;148;440;946;681;50;20111031
AT1;AT13;AT130;92300;92313;2305;2060;245;245;853;711;482;14;844;274;1024;163;59;162;1555;529;100;409;764;543;489;2270;35;2298;7;2292;13;2304;1;2258;30;4;13;896;172;1221;1;15;1364;185;736;20;125;165;312;1046;277;175;109;58;38;904;172;203;904;122;0;20111031
AT1;AT13;AT130;92300;92314;2620;2266;354;354;924;690;613;39;663;551;1206;200;138;293;1763;426;246;434;851;669;420;2556;64;2601;19;2600;20;2620;0;2528;60;12;20;629;244;1685;0;62;1733;431;283;173;347;174;485;494;290;272;304;124;130;653;256;340;801;570;0;20111031
AT1;AT13;AT130;92300;92315;1249;1060;189;189;446;340;258;16;525;159;459;106;83;102;721;343;122;139;321;306;361;1213;36;1241;8;1242;7;1249;0;1205;33;4;7;566;90;573;2;18;832;9;388;20;110;85;122;448;197;106;74;48;59;577;96;92;313;108;63;20111031
AT1;AT13;AT130;92300;92316;1179;1029;150;150;427;342;244;16;347;197;554;81;53;104;832;190;69;196;452;301;161;1128;51;1170;9;1164;15;1178;1;1116;43;5;15;363;82;717;0;17;722;132;280;45;176;63;100;314;217;58;115;54;82;369;90;133;340;148;99;20111031
AT1;AT13;AT130;92300;92317;149;104;45;45;32;35;33;4;111;8;18;12;15;9;91;34;17;12;33;61;26;140;9;149;0;147;2;149;0;138;9;0;2;108;22;0;0;19;135;3;0;11;1;18;16;28;18;19;29;11;9;117;26;0;6;0;0;20111031
AT1;AT13;AT130;92300;92318;2574;2438;136;136;747;878;793;20;278;166;2029;101;111;181;2035;247;189;321;1246;701;117;2554;20;2555;19;2569;5;2574;0;2540;14;15;5;885;98;1552;0;39;557;1170;822;25;5;85;112;364;48;1412;495;34;19;901;108;100;1067;354;44;20111031
AT1;AT13;AT130;92300;92319;5017;4904;113;113;2012;1752;1105;35;57;42;4872;46;356;428;4073;160;243;771;2306;1625;72;4990;27;5010;7;5010;7;5016;1;4987;21;2;7;46;10;4919;0;42;283;785;3949;0;20;3;256;821;2032;1300;230;1;354;49;10;6;562;557;3833;20111031
